patient_id,name,dob,gender,address,city,state,zipcode,ssn
P0001,Miguel Smith,1933-06-13,Female,72055 Natalie Trace,North Bruce,Alaska,72399,532-49-4075
P0002,Natasha Mcknight,1986-03-11,F,190 Zachary Ports,North Johnnyfurt,Alabama,03534,594-12-6300
P0003,Natalie Hernandez,1956-06-22,,737 Singh River,South Alanmouth,Maryland,71715,863-11-8973
P0004,Zachary Price,1930-01-03,Female,,North Sandrashire,North Carolina,36851,701-29-4081
P0005,Steve Sharp,1957-09-24,F,18151 Benson Isle Apt. 942,East Cynthiatown,California,48082,209-42-3919
P0006,Jason Griffin,1975-07-11,Female,9466 Hernandez Center Apt. 082,Nicoletown,Florida,93082,789-70-1501
P0007,Brittany Taylor,1954-10-05,M,402 Taylor Pines Suite 817,Haleyberg,New Jersey,30306,809-46-3157
P0008,Christopher Arias,1971-05-11,Male,04129 Victoria Points Apt. 851,Lake Robertland,South Dakota,23660,806-81-5364
P0009,Albert Wade,1978-08-03,Male,07923 Joseph Lodge,North Christopherside,Kansas,68969,147-59-1420
P0010,Nathaniel Reese,1948-05-27,,96151 Anthony Greens,Alexanderchester,Nevada,98992,333-29-4237
P0011,Nicholas Arellano,1966-01-19,Female,76346 Daniel Corners,Joelstad,New York,94765,762-81-3359
P0012,Ellen Bruce,,,58617 Nichols Estates Suite 127,South Shawn,Alabama,67267,402-54-6348
P0013,Tara Logan,1945-04-02,Female,1976 Dixon Vista,Kristyport,New Mexico,61722,850-11-2616
P0014,Margaret Ward,1929-06-12,Female,84897 Beltran Crossroad Apt. 543,Brianchester,West Virginia,99316,388-71-2497
P0015,Brittany Rogers,2011-03-15,M,9525 Andrews Extensions Apt. 644,Port Davidfort,Wyoming,26134,560-71-1316
P0016,Julie Smith,2015-06-27,F,43594 Jennifer Pines Suite 968,South Richardtown,Minnesota,13390,837-13-0717
P0017,Christopher Humphrey,1966-10-21,Male,412 Michelle Crest,Williamshaven,Nevada,01050,844-31-8138
P0018,Micheal May,1993-03-29,M,03203 Brooke Plaza Apt. 114,North Jasonfort,Delaware,32050,110-97-8133
P0019,Leah Owens,2013-03-31,F,16259 Jennifer Green Apt. 947,Michelletown,South Dakota,16292,079-27-7169
P0020,George Martin,1940-09-22,M,2887 Thomas Tunnel,Georgeton,Virginia,30214,480-15-6808
P0021,Alexander Vaughn,1939-08-06,Female,23996 Castillo Trail Apt. 837,Maryton,New Hampshire,55449,574-14-0115
P0022,Dustin Smith,2022-11-07,,7800 Denise Skyway Suite 323,Maynardburgh,Delaware,51711,600-05-6299
P0023,Pamela Arnold,,M,6706 Fleming Knolls Apt. 691,New Melissa,Mississippi,91855,767-19-1466
P0024,Noah Roberson,1965-01-23,,1070 James Cape,Patriciaburgh,Maine,28272,720-96-1844
P0025,Sharon Lane,1963-10-02,Female,130 Kevin Coves Suite 910,Micheleton,Georgia,13730,378-10-6178
P0026,Jacob Aguirre,1999-05-05,,463 Elizabeth Ridges Suite 348,North Aarontown,Delaware,36694,511-54-4253
P0027,Brittney Wagner,2004-02-15,Male,57385 Garner Way Apt. 281,Velezmouth,Connecticut,18062,240-76-6097
P0028,Kathleen Garcia,1973-10-14,M,60972 Jessica Brook Apt. 446,Kelseychester,Wyoming,61131,480-19-0601
P0029,Jeremy Johnson,1952-03-08,F,715 Trujillo Throughway,Schmidtbury,New Mexico,87608,741-08-3548
P0030,Evan Irwin,1996-08-15,Male,,Port Jacobmouth,Maine,10055,861-39-8246
P0031,Michele Powers,1976-08-25,M,,East Annamouth,Kentucky,99033,404-88-8653
P0032,Charles Hayes,2000-01-06,Male,76642 Sean Lane Apt. 271,West Jared,Oklahoma,53046,488-54-2267
P0033,Calvin Barry,1983-03-03,F,060 Holmes Pike Suite 932,Lake Matthewstad,Wyoming,31344,266-01-5683
P0034,Melissa Acevedo,2006-09-06,Female,3961 Carlson Mission,Lynntown,Massachusetts,25647,699-84-5271
P0035,Anthony Wells,2005-07-05,F,5542 Jefferson Radial Apt. 384,Port Henry,Indiana,53249,768-17-7462
P0036,Catherine Mccarthy,1948-05-10,Female,1117 Curtis Overpass,Lawsonfort,Connecticut,55935,169-08-4826
P0037,Stephen Watson,1963-10-21,F,,Maryfurt,Oregon,73043,239-05-6141
P0038,Brian Coleman,2003-03-23,M,92202 Cooley Port,North Wendyview,Idaho,89447,408-35-8118
P0039,Amy Payne,1934-03-15,M,,Marshalltown,Indiana,11037,410-25-7302
P0040,Amanda Peterson,1925-12-11,,9332 Conley Falls,Sabrinafurt,Oregon,29844,
P0041,Sharon Alexander,2001-02-16,M,6380 Susan Bypass Suite 540,West Christina,South Carolina,72596,333-14-9890
P0042,Larry Martinez,2019-11-05,Male,2812 Lynn Forges,Deniseport,Wyoming,74322,837-55-0975
P0043,Jeffrey Barnes,1978-04-04,Female,72845 Brianna Greens Suite 070,Turnertown,Nebraska,98566,508-47-6764
P0044,Alison Williams,1925-11-14,Male,290 Jacob Club,Kimberlyport,Kansas,81725,034-36-4245
P0045,Suzanne Richards,1948-01-27,Female,3332 Susan Gardens,Carlosberg,Mississippi,85956,825-43-5637
P0046,Amy Montgomery,2023-09-30,M,,West Justin,Virginia,90016,035-29-6633
P0047,Robin Stokes,1963-03-31,F,,New James,Wyoming,32692,198-21-4826
P0048,Jennifer Martin,1982-07-24,F,80598 David Village,Karenland,Hawaii,76494,059-57-5462
P0049,Jenna Velez,2007-09-26,Female,12376 Charles Mount,Briannaview,Hawaii,09094,016-50-2987
P0050,Sharon Davidson,,Male,,South Matthew,Connecticut,77303,136-24-6481
P0051,Michael Garcia,,Male,62647 Hernandez Walk Suite 461,Lake Anthony,South Carolina,56301,124-58-3745
P0052,Kenneth Moore,2025-06-10,,2403 Janet Circles Suite 355,West Clintonborough,Washington,18795,103-75-1722
P0053,Melvin Williams,1984-07-31,Female,724 Jacobs Crossroad Suite 422,New Amyview,South Dakota,89027,330-90-8843
P0054,Leslie Fitzgerald,1925-06-28,Female,770 Vasquez Light Apt. 332,Gomezstad,South Carolina,07993,170-44-7656
P0055,Mary Choi,1961-11-24,,585 Maria Plains,Port Malik,Nevada,93640,813-62-2212
P0056,Christopher Singh,1960-09-12,M,2925 Bradshaw Wall Suite 519,Jacksonburgh,Idaho,24561,891-45-0142
P0057,Kim Gomez,2014-10-22,,47286 Brianna Glen Apt. 012,East Sandra,Colorado,38180,584-74-2868
P0058,Rachel Jacobs,2013-08-22,M,2702 Ross Greens Suite 095,Leeland,New Mexico,37861,663-06-0308
P0059,Lisa Williams,1935-12-19,F,53892 Ethan Villages,Davisshire,Iowa,50612,873-01-0767
P0060,Alex Rice,1987-04-11,Female,056 Ross Spur Suite 076,South Juan,Virginia,69408,
P0061,Heather Smith,1968-10-14,Male,2346 Sean Manors,Port Jeffrey,Delaware,27447,889-26-6724
P0062,Marvin Sparks,1959-09-22,Male,164 Sheila Stravenue Apt. 654,Darrenborough,New Jersey,23920,476-61-6363
P0063,Karen Fisher,1928-10-14,F,349 White Cape Suite 617,Micheleville,North Carolina,72653,452-03-1418
P0064,Kathleen Gilbert,1950-03-04,Male,2024 Sean Grove,Christianfort,Hawaii,29208,276-45-7019
P0065,Rebecca Mason,1977-05-20,,,Shanetown,Hawaii,47547,896-38-8783
P0066,Darin Wilkinson,1943-02-06,Female,904 Thompson Path Suite 410,New Matthewhaven,Michigan,82528,321-62-4390
P0067,James Ramirez,1968-03-16,Female,93781 Powers Causeway,Tracychester,West Virginia,12803,301-29-7465
P0068,Susan Green,1953-05-15,M,66187 Johns Glens Suite 726,South Angela,California,48701,675-39-1428
P0069,Rose Francis,2002-03-24,F,27729 Alex Path,Matthewmouth,Tennessee,74176,395-03-4753
P0070,Heidi Mullins,1982-10-14,Male,0337 Melendez Ramp,East Anthony,New Mexico,84991,451-86-3457
P0071,Jared Haynes,,M,222 Jenkins Walks,Pruittview,Wyoming,11154,630-03-8387
P0072,Matthew Jordan,1954-02-25,Female,906 Walton Ports Suite 342,Archertown,West Virginia,41777,818-82-5287
P0073,Sarah Walsh,2002-03-11,F,17048 Hubbard Track,New Michellemouth,Alaska,53864,401-27-3061
P0074,Pamela Morales,1946-08-23,Female,,South Jamesshire,Pennsylvania,23741,786-66-1313
P0075,Lacey Herrera,1946-03-21,Male,82653 Steven Mount Apt. 864,Georgeshire,Maine,21175,031-27-9689
P0076,Tiffany Young,1936-05-01,,4901 Howard Port,Colefurt,Rhode Island,24045,066-79-5571
P0077,Jessica Smith,1959-08-28,M,3884 Lisa Square,Port Monica,Utah,97544,078-60-8828
P0078,John Dalton,1925-03-28,M,643 Matthew Rue Apt. 164,Port Destiny,Colorado,43567,002-26-7353
P0079,Ashley Brown,2006-01-05,F,4070 Anthony Roads,New Danielleland,New Jersey,21385,412-20-8663
P0080,Tracy Pierce,2013-02-12,Male,8500 Thomas Parkways Suite 927,Christopherchester,Ohio,00787,434-76-1841
P0081,Stacey Cruz,1939-06-23,F,6620 Alyssa Ville,East Colleenmouth,Arkansas,83810,776-23-6903
P0082,Steven Baker,1961-02-18,F,9624 Murillo Springs,Yoderland,Idaho,01936,754-96-4838
P0083,Tara Thomas,1946-07-27,F,69091 Summer Mount Suite 302,Ashleyfurt,Virginia,08207,256-79-6173
P0084,Joann Anderson,1964-06-11,Female,5240 Kelly Square,Scottland,Vermont,70334,835-57-6017
P0085,Diana Smith,1957-07-24,,488 David Well Suite 738,Joshuafurt,Nebraska,20459,203-17-3782
P0086,James Roman,2006-09-22,,9125 Bradley Oval Apt. 204,New Alice,Idaho,22230,421-73-2111
P0087,Jason Jones,1986-03-24,,35699 Brianna Street Apt. 358,Grimesfurt,Oklahoma,67972,476-91-8118
P0088,Cody Hendricks,1983-07-10,Male,1348 Brandon Way,Paulabury,Connecticut,43410,205-78-8649
P0089,Vanessa Greene,1945-07-17,Female,0001 Evans Shoal,Spearsberg,South Carolina,95446,765-09-4997
P0090,Mary Farrell,1963-03-01,F,41038 Morris Roads,Andersonshire,South Carolina,71299,
P0091,Garrett Powers,1964-12-01,,240 Oliver Station,North April,Iowa,44650,852-30-0508
P0092,Kari Simmons,2007-04-25,Female,489 Martinez Port,Lake Vanessastad,Montana,70486,135-01-1396
P0093,Jacob Burton,1924-11-09,M,,Gilbertchester,Connecticut,69470,441-74-5460
P0094,Brittany Duran,2024-03-05,M,43474 Jennifer Island Apt. 137,Melissaville,Alabama,07294,509-63-8125
P0095,Christopher Crawford,1972-01-23,Female,61920 Heather Village,New Jamesfort,Illinois,28021,471-06-3111
P0096,Clinton Carter,1966-09-27,M,4890 Snyder Burg Suite 862,West Valerie,Alabama,91180,858-61-6776
P0097,Richard Franklin,1988-08-11,,851 Neal Shoals,Port Amanda,Minnesota,10784,275-46-6284
P0098,David Jacobs,1934-06-19,M,055 Jessica Valley Apt. 574,Jenniferfurt,Texas,48439,255-78-1917
P0099,Amber Vasquez,1988-10-28,Male,40930 Flores Inlet,New Joshuatown,Wisconsin,33091,619-92-8945
P0100,Brad Ryan,,M,,New Patrick,Wyoming,21514,786-95-0654
P0101,Jacob Hoover,1999-12-21,,407 Edward Islands Apt. 951,Campbellchester,Virginia,79185,212-27-3879
P0102,Jason Gonzalez,1950-04-27,Female,4088 Kathleen Ville Suite 708,Riddleton,Rhode Island,22545,043-87-1925
P0103,Lisa Fernandez,2022-11-11,F,11326 Garcia Isle Suite 858,West Frankfurt,Kansas,24942,674-16-1826
P0104,Jennifer Phillips,1986-05-19,Male,05397 Thomas Groves,Jenniferport,New Mexico,95712,715-08-8714
P0105,Meghan Taylor,2011-08-30,,71461 Daniel Ports,Robertfort,Missouri,54001,136-53-2946
P0106,Michael Johnston,,,3026 Jodi Hollow,East Nathanielside,New Hampshire,01279,222-50-8470
P0107,Gary Hess,1978-01-06,M,66360 Williams Street,Lake Cynthiaview,Alabama,82269,559-76-1978
P0108,Daniel Williams,1940-07-29,M,30252 Charlene Junction,Lake James,New Jersey,99719,380-73-7660
P0109,Holly Mathews,2002-08-31,M,0098 Williams Wall,Baileyfort,Maine,87216,330-33-4479
P0110,Ms. Breanna Flores,2000-04-06,,453 David Brook Apt. 896,Crystalhaven,Indiana,37645,860-37-5410
P0111,Jared Camacho,,,17970 Lyons Light Apt. 361,Pittmanport,Ohio,55951,032-58-0172
P0112,Scott Moore,1981-11-09,M,,Smithborough,Minnesota,08743,375-65-5983
P0113,James Gonzalez,1925-01-27,,3167 Leslie Center,Alishashire,Arkansas,49445,133-23-4189
P0114,Daniel Garza,1966-05-05,F,406 Dennis Lakes Apt. 157,West Jenniferville,Oregon,96883,082-98-8597
P0115,Kim Graham,1965-05-10,Male,365 Mcclure Plaza Apt. 359,Bakerside,New Jersey,52403,561-01-6132
P0116,Amber Lopez,1957-07-14,Male,1843 Linda Courts Apt. 209,Ryanbury,Indiana,25359,871-19-9892
P0117,Christy Fleming,1953-02-07,,4028 Marco Track Apt. 676,West Frederick,New Mexico,31533,637-91-2613
P0118,Joseph Morgan,1943-08-17,M,32091 Barker Alley,South Christinabury,Wisconsin,23463,529-36-4807
P0119,Tyrone Simpson,1934-02-01,F,075 Atkins Isle,Hannahberg,Missouri,08047,454-42-7151
P0120,Lisa Jones,1999-06-27,Male,00643 Emily Ferry,Haneyberg,Florida,65088,461-60-7650
P0121,Todd Perry,2023-04-14,,6470 Smith Point,Brianfurt,Arizona,44417,630-41-2777
P0122,Rebecca Taylor,1963-08-18,Female,074 David Park,Andrewchester,New Mexico,99933,376-65-2737
P0123,Jason Watson,1924-10-22,F,00363 Walters Underpass Suite 461,Ashleyview,Massachusetts,78490,498-83-9605
P0124,Joseph Robinson,2004-05-18,F,984 Jonathan Squares Suite 099,Lisatown,Maine,78779,720-85-3401
P0125,Jason Brennan,1964-11-05,,23946 David Estate,Lake Michelleville,Michigan,81230,296-72-5562
P0126,Alan Lyons,1949-04-23,Female,2239 Crosby Hills Apt. 256,Francisfort,California,67792,793-65-8624
P0127,Vincent Harris,1996-01-18,Male,58416 Patrick Club Apt. 495,Torresshire,Rhode Island,70818,891-35-6413
P0128,Michael Robertson,2017-12-08,M,496 Nicole Plains Apt. 097,East Randall,Delaware,07145,860-70-0973
P0129,Brenda Miller,1979-01-09,Male,16555 Cohen Lodge,Markhaven,Montana,42768,336-97-5874
P0130,Heather Esparza,1947-11-28,M,6400 Paul Mission Suite 868,West Felicia,Minnesota,09845,425-49-5782
P0131,Brian Thompson,1959-06-01,M,1899 Fitzpatrick Avenue Apt. 338,Barrchester,Alaska,67683,795-30-5215
P0132,Sharon Cross,1986-01-30,Male,63094 Moore Forest,Brownton,Vermont,44119,749-07-8857
P0133,Kimberly Johnson,2007-04-29,Male,134 Brandy Meadows Apt. 979,Parrishshire,New York,18186,861-35-5516
P0134,Kristi Rodriguez MD,2007-06-02,,,Alishaport,Massachusetts,06037,
P0135,Hector Carrillo,2018-07-25,Female,8095 Bowman Fork Suite 059,East Dianechester,Alabama,22597,735-79-4112
P0136,Matthew Stokes,1930-07-04,,58925 Bishop Ways,South Jamesport,Georgia,05857,233-13-9233
P0137,Mary Ruiz,1996-12-18,,5951 Jones Manors Suite 823,New Alejandraberg,Rhode Island,42444,
P0138,Kelly Sanders,1994-06-23,F,96233 Tasha Meadow Apt. 586,Gabrielchester,New Mexico,38844,529-27-1617
P0139,Jill Lyons,1976-09-25,Male,,Whiteshire,Indiana,86641,658-88-1417
P0140,William Moreno,1936-10-09,F,824 Olivia View Suite 594,Deanshire,Alaska,55604,157-31-2188
P0141,Charles Valdez,1940-09-05,Female,890 Nicole Forks Suite 900,Stewartview,Virginia,71562,643-82-7341
P0142,Stephen Ramirez,1987-11-26,Male,541 Fisher Island Suite 398,Port Natalieside,Ohio,82331,702-06-7413
P0143,Julie Jones,2003-11-07,F,7908 Wood Rest,Jacksonside,Indiana,66761,270-71-8385
P0144,Daniel Johnson,1945-08-25,Female,761 John Locks,East Dannytown,South Dakota,44244,756-12-8966
P0145,Kimberly Moore,2001-08-28,M,182 Deborah Overpass Apt. 669,Port Davidmouth,Pennsylvania,17796,225-62-2405
P0146,Brianna Tran,1955-11-30,M,,West Rebecca,North Carolina,87369,870-56-4978
P0147,Jordan Williams,2021-08-19,M,67578 Atkins Tunnel Apt. 355,Smithfort,New Hampshire,31450,758-13-2799
P0148,Mary Hobbs,1938-02-09,F,5057 Michael Row Apt. 879,New Joshua,Louisiana,35026,046-40-6024
P0149,Ms. Ashley Jones,1933-03-05,,0123 Rosales Flat Suite 871,Courtneyfurt,Wyoming,70469,617-10-0614
P0150,Jessica Salas,2008-07-29,M,023 Brock Road Suite 568,Josefort,Oregon,38963,026-98-3800
P0151,Jenny Chase,1965-01-21,F,63295 Robinson Parks,Port David,Pennsylvania,65803,375-58-2625
P0152,Michele Thomas,1984-04-01,,86830 Annette Corners,Angieport,Tennessee,21954,
P0153,Cristina Thompson MD,2024-09-13,F,85483 Robles Burg Suite 344,Bradfordview,Missouri,23659,745-16-5659
P0154,Laura Gardner,2012-12-25,F,749 Roger Mills,West Alexanderburgh,Hawaii,10583,526-86-1541
P0155,Juan Brewer,1963-06-30,Male,44760 Roth Ford,Cochranport,Alaska,96962,132-76-2055
P0156,Donna Walsh,1957-04-30,Male,26509 Mann Ferry,New Pamelachester,Missouri,59800,471-16-9827
P0157,Wanda Gutierrez,1935-02-02,,56342 Dennis Vista,East Erin,Iowa,35715,629-76-8917
P0158,Steven Clark,1984-01-20,Female,367 Williamson Brook Apt. 779,West Edwardport,Louisiana,53402,124-36-4814
P0159,Christopher Sanchez,1972-03-05,,4656 Taylor Valleys,Liville,Oklahoma,50797,253-63-2102
P0160,Austin Richards,1973-01-09,,559 Danielle Oval Suite 641,Cathytown,Indiana,72272,
P0161,William Paul,1970-01-03,,34448 Castillo Falls Apt. 904,Fischerbury,California,33621,370-36-6193
P0162,Melissa Brooks,,Female,9325 Danny Square Suite 887,Jasonberg,Vermont,01559,297-02-9555
P0163,David Simpson,,F,1830 Shaw Circle Apt. 873,West Jamieland,Massachusetts,12572,
P0164,Danielle Hamilton,1997-04-10,F,,Jacksonville,Alabama,64186,818-71-1272
P0165,Anne Gilbert,1979-08-27,M,4257 Richard Plaza Apt. 269,East Sandra,Washington,09951,
P0166,Dennis Mann,1951-03-06,Male,0023 Jackson Parkway,Sawyermouth,Vermont,02973,692-42-2263
P0167,Patrick Davis,1945-05-10,Female,6701 Jones Island,North Cody,Montana,56129,256-27-8509
P0168,Chad Taylor,1929-07-25,Female,3922 Brandon Lane,Lake Anthony,Texas,97384,629-97-0760
P0169,Ashley Clark,1997-03-07,Female,,Jasonshire,Connecticut,25724,234-83-2856
P0170,Jose Moses,1940-05-14,M,39456 Cook Forge,Jacobfurt,Maryland,39553,
P0171,Jessica Smith,1960-05-15,Male,3420 Wright Terrace Suite 734,Gregoryfort,Iowa,47190,415-12-5483
P0172,Yolanda Holden,1979-07-03,Female,9147 Horne Land Apt. 809,Butlerville,Louisiana,62462,802-48-3591
P0173,Samuel Wolfe,1946-02-25,Female,4665 Matthew Points Suite 298,Julieberg,Maine,27049,899-91-6362
P0174,Kevin Evans MD,1935-08-12,Male,763 Mario Forest,Robertmouth,North Carolina,98684,440-32-9466
P0175,Richard Long,1997-10-03,Female,9793 Robert Knoll,Lake Stacey,Colorado,13805,404-66-3224
P0176,Anita Sanchez,1992-02-19,F,2607 Kimberly Trail,North Joshuachester,New Mexico,73100,729-03-9109
P0177,Jasmine Hill,1952-10-15,F,,East Tiffanyport,Montana,26251,607-99-4880
P0178,Jessica White,2011-12-01,,92645 Harris Via Apt. 917,Lake Sarah,Pennsylvania,83156,308-02-3527
P0179,Kenneth Wagner,2014-12-23,Female,,Lake Danielchester,Vermont,50736,736-38-9293
P0180,Marc Hayes,2015-12-20,,8335 Carol Bypass,South Danielstad,Wyoming,75371,029-15-6576
P0181,Danielle Guzman,2024-01-08,Male,33344 Thomas Shores,Whitakerborough,Utah,36366,547-13-4612
P0182,Justin Robles,1960-08-02,F,016 Burke Camp,West Reginaland,Connecticut,52989,011-37-9476
P0183,Leslie Sandoval,1927-11-14,,2028 Castaneda Crest,Moonton,West Virginia,09984,898-80-9867
P0184,Edgar Martinez,1951-10-11,F,548 Beasley Circle Apt. 531,Brownfort,Oregon,88489,099-63-9695
P0185,Thomas Reyes,,F,7117 James Dale,New Evelyntown,Florida,40275,476-86-0071
P0186,Timothy Peters,2013-08-26,M,1128 Rosales Hills,Derrickfort,Vermont,10342,792-78-3492
P0187,Karen Hicks,1991-04-14,F,6391 Angela Common Apt. 749,Lake Valerieville,Oregon,38022,174-32-2487
P0188,Duane Williams,2021-02-08,Female,53506 Church Ferry,Jonesside,Kentucky,45641,346-22-5295
P0189,Matthew Singh,1934-09-10,Male,54717 Meyer Knolls,Myersport,North Carolina,75239,613-29-0957
P0190,Brian Mooney,2019-11-07,M,7563 Cox Parkways Suite 227,South Ericfurt,Florida,86144,
P0191,Jacob Green,1925-07-26,Male,01441 Adam Viaduct Suite 862,Billyhaven,New Hampshire,13949,898-01-0057
P0192,Veronica Jenkins,1998-03-05,M,417 Amanda Avenue,Russellborough,North Carolina,94887,114-16-5754
P0193,Mary Taylor,1943-12-01,Male,28240 Ruiz Way,New James,Rhode Island,77971,610-39-0524
P0194,Brandon Barber,,,9135 Janet Gateway Suite 053,Tammymouth,Georgia,22092,785-83-8694
P0195,Tammy Smith,1983-11-29,Male,57809 Warren Burgs Apt. 801,West Curtisport,Virginia,43679,249-39-1265
P0196,Shelby Martinez,1993-12-18,F,447 Marsh Heights,New Benjamin,Colorado,84591,523-87-9101
P0197,Courtney Cruz,1971-05-06,M,037 Elizabeth Court Apt. 974,Port Jennifer,Rhode Island,75960,015-41-5439
P0198,Tina Melendez,1975-02-13,,084 Barbara Street Apt. 696,Lake Kennethberg,North Dakota,80158,821-70-7032
P0199,Austin Williams,1969-08-08,F,3374 Wallace Cape Apt. 652,Perrybury,Nebraska,87517,574-09-4897
P0200,Kristen Taylor,1954-05-31,,437 Gilbert Estates,Phillipsport,New Jersey,65892,881-24-5294
P0201,Robin Schmidt,2016-05-21,F,24234 Katie Harbor,South Jennaport,Delaware,94892,339-44-4041
P0202,Jennifer Rodriguez,1997-03-26,Female,7490 Thompson Parks Suite 024,West Shannon,Kansas,28405,227-85-2366
P0203,Gail Greene,1973-04-25,,15828 Perez Harbors,Port Donaldchester,Montana,24594,707-80-9832
P0204,Christopher Washington,1945-11-04,M,04167 Rebecca Knolls,New Gregory,Montana,50629,619-27-7780
P0205,Sandra Foster,1941-08-27,,31392 Kevin Tunnel Suite 022,South Codyshire,Arkansas,14426,591-31-3990
P0206,Malik Burns,1990-10-15,F,000 Ivan Prairie,Russellfurt,Georgia,24645,862-44-6170
P0207,Megan Graves,1933-03-09,F,9407 Jeremy Heights Suite 323,South Debramouth,New Jersey,70555,787-10-4668
P0208,Dylan Gross,1957-10-31,,19453 Samantha Skyway Suite 766,Morganstad,Idaho,86855,483-83-6850
P0209,Alexander Johnston,1999-11-06,Female,578 Richard Cliffs,East Davidland,Utah,15427,401-62-8964
P0210,Jessica Hughes,1989-07-05,F,53223 Martinez Knolls Apt. 126,Deborahstad,Nebraska,29424,510-11-1362
P0211,Christian Collins,1927-06-01,M,37539 Morgan Squares,East Douglaschester,Minnesota,79070,675-81-8229
P0212,Jamie Clark,1989-08-20,,78376 Hudson Junctions Apt. 820,North Kimberlytown,Missouri,46782,168-90-7012
P0213,Clinton Wallace,1954-06-19,Male,27245 Walker Valley Apt. 756,Sarahfurt,South Carolina,62008,421-34-8667
P0214,Edward Simmons,,F,9451 Kurt Road,West Adam,Nebraska,76338,133-73-6862
P0215,Joseph Cook,1939-06-07,Male,062 Liu Station,Whitebury,West Virginia,42388,720-03-7223
P0216,Cindy Cohen,1961-02-16,F,29146 Santana Ferry,Port James,New York,60986,564-89-0103
P0217,Gregory Vasquez,2001-09-05,Male,51840 Johnson Forks Apt. 147,Port John,New Hampshire,85056,749-20-0920
P0218,Melissa Nelson,1933-03-12,,6706 Richard Forges Apt. 863,North Carlosberg,Georgia,04048,842-07-8487
P0219,Thomas Martinez,1958-12-06,Male,36796 Stacey Pass,Lake Amber,Montana,65875,742-95-1406
P0220,Jane Christian,2011-08-07,Male,469 Andrew Land Suite 490,Port Jacobview,South Carolina,48944,782-12-9240
P0221,Jacqueline Summers,1924-08-08,M,54617 Cobb Pines,New Natalieborough,North Dakota,96674,522-74-0586
P0222,Mark Brown,1932-11-02,,15668 Jones Forest Suite 381,Zacharyborough,New Mexico,41171,470-41-5772
P0223,Christina Weber,1926-02-11,Male,8564 Rodriguez Ville,Dunnton,Colorado,80218,039-20-7580
P0224,Mary Sullivan,2006-12-30,Female,1611 Black Loaf,Pollardhaven,Nevada,15288,088-73-9360
P0225,Ronald Gonzales,2003-04-20,Female,326 Thomas Canyon,Michellemouth,Ohio,27682,384-25-4188
P0226,Joshua Chapman,1981-11-28,Male,2853 Crane Gateway Apt. 426,Hopkinsville,New Jersey,92303,494-43-9168
P0227,Michael Ryan,1960-11-28,Female,8793 Lisa Trail Apt. 028,Jamesmouth,Idaho,63283,773-50-7046
P0228,Roberta Walker,1967-07-30,Female,502 Martinez Path,Sherrychester,Connecticut,31768,005-70-7654
P0229,Teresa Smith,2001-04-12,Male,07382 Leon Mountains Suite 118,Donaldberg,Vermont,96509,493-84-8257
P0230,Christina Deleon,1932-11-05,,1210 Jennifer Harbors,East Kenneth,Maine,64576,222-87-0850
P0231,Matthew Allison,2018-08-16,Female,1961 Rodriguez Lakes Suite 566,Russellton,Rhode Island,80376,741-88-6188
P0232,Cynthia Roberts,1960-09-06,,95224 Valerie Light,Jamesmouth,South Carolina,26753,712-24-2084
P0233,Lauren Wolf,,M,070 Steele Neck,South Brendan,Delaware,44354,
P0234,Martin Wilson DVM,1969-03-22,M,101 Fletcher Drive,Smithhaven,Arizona,18136,411-45-9184
P0235,Christine Green,1988-04-09,,,Carlaside,Indiana,29422,327-37-8317
P0236,Christine Vasquez,1936-08-17,M,49679 Loretta Lights,Lake William,Nebraska,83544,397-37-3934
P0237,Allison Clark,1991-10-30,M,665 Kimberly Divide,Philipmouth,Kentucky,78127,171-93-8161
P0238,Donna Williams,1929-02-27,Female,86014 Tyler Island,New Andrewmouth,Louisiana,27825,844-19-8119
P0239,Jennifer Pearson,2023-10-13,F,,Lake Heatherborough,Kansas,42479,431-84-3557
P0240,Micheal Wall,1951-10-21,M,,North Rebeccaton,Washington,05444,
P0241,Kelsey Larson,1956-06-07,M,781 Lisa Inlet,East Alisonbury,Michigan,92122,286-09-5491
P0242,Terri Avila,2009-07-16,F,,New Joditon,Kentucky,93074,226-82-7267
P0243,Brandon Townsend,1978-02-02,Male,081 Traci Spring,Meyerstad,Wisconsin,75484,311-59-4202
P0244,Sarah Wiggins,2022-03-04,M,10583 Alan Ridge,Crawfordborough,Rhode Island,59203,634-65-4755
P0245,Anna Richards,1941-06-18,Male,69376 Holland Throughway Apt. 676,Vaughnville,North Carolina,65413,491-51-2053
P0246,Kimberly Rubio,1980-03-01,M,8850 Jessica Locks,South Sandra,Idaho,78111,163-24-6966
P0247,Jeremy Rivas,1994-07-21,,376 Stefanie Viaduct,Garyside,Tennessee,79436,693-92-8811
P0248,April Carter,2003-12-04,Male,9812 Peterson Neck,Marshallchester,Massachusetts,79571,857-64-6229
P0249,Joshua Lopez,2000-04-16,Male,805 Sandra Station Suite 171,Riveraside,Pennsylvania,25204,586-09-2279
P0250,Tiffany Gomez,1978-06-10,M,88711 Fox Canyon Apt. 500,West Joseph,Virginia,84203,186-67-7328
P0251,Stacy Bailey,1987-07-02,F,302 Andrew Cove,West Cynthia,California,84878,520-51-0592
P0252,Christopher Webster Jr.,2014-07-08,Female,22336 Lori Roads Apt. 620,Port Stephanieborough,Alaska,18340,832-34-2831
P0253,Marilyn Henderson,1959-10-21,Male,3740 Simpson Tunnel Apt. 446,Rachelfort,Kentucky,07015,738-49-8893
P0254,Rachel Cox,1965-11-04,Female,3451 James Meadow Suite 583,Williamport,Oklahoma,97679,877-30-5787
P0255,Theresa Soto,1981-02-28,Female,66485 Eric Wall Suite 758,Smithhaven,Rhode Island,38607,250-21-6694
P0256,Lisa Robinson,2012-10-13,F,3695 Michael Track Suite 505,New Gregoryview,Montana,61250,170-94-0135
P0257,Craig Jackson,2006-08-13,Female,077 Robin Overpass,Port Teresa,Massachusetts,35843,651-45-0079
P0258,Timothy Brown,1943-03-22,,515 Erica Spurs Apt. 450,New Clinton,Indiana,45513,233-09-2282
P0259,Linda Ingram,2017-12-07,F,79531 Daniel Garden,Barbaraview,Hawaii,53074,367-24-7549
P0260,Brittany Hamilton,,M,51085 Walker Fields Suite 545,West Crystalchester,Arizona,79619,844-81-1325
P0261,Erika Miller,2015-01-23,M,,Mauricestad,Massachusetts,99565,701-29-7435
P0262,Tammy Butler,1988-12-23,F,167 John Glen,Davisberg,Colorado,88030,326-61-6137
P0263,Michelle Farmer,1947-03-06,Female,1260 Fox Pass Suite 620,South Ashleyland,Rhode Island,57056,247-03-3849
P0264,Linda Dodson,1983-10-18,F,45059 Samantha Crossroad Suite 731,Port Jason,Iowa,70102,570-68-0631
P0265,Gregory Walls,2013-12-22,M,202 Franklin Gardens Suite 450,New Gregory,Washington,31636,110-32-4184
P0266,Ivan Watson,1976-01-03,M,99115 Garza Summit Suite 431,Lake Kevin,Nevada,81115,382-29-1386
P0267,Melissa Foley,2014-11-30,F,,Webbville,Massachusetts,02571,418-19-9578
P0268,Michael Mcdonald,1941-09-11,M,,Bergermouth,California,59734,219-21-8344
P0269,Jeffery Jennings,1935-10-29,F,873 Eric Ramp,South Ashley,California,42740,454-28-7545
P0270,John Mejia,1973-05-03,Male,877 Scott Highway,Melissaland,Mississippi,26256,058-33-4492
P0271,Adam Mcneil,1925-04-12,M,683 Peters Bypass,Lake Shelby,South Dakota,45880,057-22-9740
P0272,James Juarez,1930-11-27,M,040 Joshua Spur,Sheltonport,South Dakota,09519,550-92-2396
P0273,Jeff Wagner,1930-07-22,Female,82721 Monica Island,East Johnfurt,Arkansas,13680,559-40-2617
P0274,Brett Nichols,1998-11-29,,3208 Gina Club,Millschester,Iowa,54939,862-02-3893
P0275,Megan Frazier,2012-09-27,Male,69078 Wong Meadow Suite 200,West Davidview,Vermont,94515,103-07-7765
P0276,Joyce Hamilton,1961-02-01,M,89512 Stephen Pines Suite 119,New Josephport,Mississippi,34519,373-54-9921
P0277,Luis Cooper,1977-06-27,F,276 Miller Mill,Navarroville,Vermont,99492,692-65-8200
P0278,Charles Coleman,2004-01-19,,1266 Stephens Burg Suite 573,Garciaside,North Dakota,63130,766-37-0763
P0279,Charles Mcdaniel,2022-02-11,Female,614 Cobb Light Apt. 763,North Kenneth,Utah,14977,074-59-6818
P0280,Melinda Thompson,2015-10-17,F,,West Jacobhaven,Iowa,15272,616-51-8715
P0281,Christine Leblanc,1960-02-16,Male,46568 Watkins Orchard Apt. 368,North Anthony,Ohio,29322,499-88-9886
P0282,Crystal Daniel,2018-05-26,Male,,Port Melvinburgh,West Virginia,19502,799-91-9730
P0283,Mathew Olson,1932-04-28,M,9341 Rebecca Causeway Suite 291,New Shannonberg,North Carolina,21063,
P0284,Caleb Lee,1936-05-21,F,9607 Byrd Pine,Marissafort,Maine,76737,630-58-9835
P0285,Christopher Oneill,,Male,,South Davidview,Ohio,54138,810-43-6841
P0286,Oscar Tran,,Female,,North Ryanfort,Indiana,83317,821-88-5135
P0287,David Kaiser,1951-09-18,M,97557 Julie Terrace,Garciaport,Rhode Island,54308,224-63-9185
P0288,Ann Combs,1953-03-25,,8201 Dawn Bridge,Jonesfort,Minnesota,25211,815-88-2814
P0289,Daniel Terrell,1950-12-12,F,31798 Adams Camp Apt. 490,South Emily,Rhode Island,47327,768-38-6088
P0290,Faith Walker,2019-01-17,,99812 Jefferson Street Apt. 922,Kimberlymouth,Connecticut,57903,829-35-1143
P0291,Mercedes Lopez,2000-05-17,,476 Rebecca Coves,Lake Jacob,Arizona,16428,713-70-6475
P0292,Kyle Howard,1937-10-09,M,845 Clifford Loaf,Port Brian,Kansas,01638,791-61-9795
P0293,Matthew Morgan,2009-02-05,M,964 Macias Prairie,Taylorview,Washington,04709,576-96-9919
P0294,Michele Murray,2011-01-17,F,1668 Carl Ford,New Thomas,Nevada,59853,030-62-2230
P0295,Matthew Mann,1926-01-02,,2224 Haley Pine,Port Lisa,Nebraska,88805,252-24-3846
P0296,Eric Smith,1998-07-22,Male,444 Kenneth Plaza,Erictown,Hawaii,91350,287-32-6027
P0297,Kyle Gonzales,1972-04-03,,86156 Smith Unions,Dakotafort,Minnesota,25719,636-70-1065
P0298,Julie Flores,2011-01-29,Female,5190 Paul Club,North Dawnmouth,Missouri,42381,632-35-2970
P0299,Linda Thompson,2010-10-15,F,76669 Greene Trail,New Michael,Iowa,70920,393-12-9318
P0300,Ruben Weber,1998-03-19,M,093 Martinez Shoal,West Aaron,Nevada,88758,182-66-3078
P0301,Corey Shaffer,2016-04-13,M,43751 Graham Ridge,Jessicahaven,Nevada,47945,832-37-2880
P0302,Nicholas Thompson,2008-11-21,Male,550 Adams Junctions,New Michelleburgh,Wisconsin,73828,649-67-6115
P0303,Sherry Morse,2010-06-07,M,,East Ashleychester,Maine,43329,215-42-9846
P0304,Scott Sullivan,1930-07-30,Female,1883 Benjamin Ramp Suite 428,Lewisview,Maine,97438,748-79-6586
P0305,Kelli Hamilton,1985-09-20,F,0617 Monica Way Suite 901,Christineland,Colorado,03950,777-28-8579
P0306,Trevor Baldwin,1985-06-15,Male,6756 Luna Alley,Chasehaven,Nevada,03122,703-13-6298
P0307,Eduardo Hart DDS,1949-01-26,F,3596 Smith Harbors,Katherinetown,Tennessee,44426,801-53-6694
P0308,Laura Vaughan,1990-06-01,Male,0242 Jones Village Apt. 571,Susanberg,Michigan,07801,883-88-3944
P0309,Shelby Duarte,1982-09-15,Male,4816 Zachary Heights,Port Kaitlyn,Oklahoma,07286,688-50-3210
P0310,Gregory Smith,,M,12789 Burke Corner,North Katherine,Tennessee,66523,881-48-2416
P0311,Stephanie Burns,1972-02-25,M,0365 Thomas Fields Suite 344,Jasonview,Montana,67173,800-77-6186
P0312,Michelle Hall,1997-08-05,,233 Gonzales Manor,South Jenniferton,New Hampshire,29315,859-16-7316
P0313,Sean Murray,1982-09-24,Female,626 Sherry Mills,Heatherhaven,South Carolina,73150,620-63-8125
P0314,Jon Ayala,1975-06-05,,434 Taylor Knoll Apt. 774,Port Kristenfort,Missouri,61545,430-72-7788
P0315,Derek Hernandez,1989-10-22,M,5149 Bell Hills Apt. 157,Lake Kimberly,Arkansas,82026,603-08-0530
P0316,Amber Rosales,2024-12-25,F,5658 John Highway,Matthewhaven,Michigan,86313,673-55-5988
P0317,Troy Mcintyre,2016-08-05,,6000 Owens Walk,North Brianbury,Maryland,77166,772-86-5926
P0318,Angela Greene,2005-11-05,Male,1181 Shaw Summit Suite 466,West Jessicafort,New Hampshire,56213,096-66-6691
P0319,Maureen Ramirez,1987-04-19,F,6829 Joy Station Apt. 565,Alvinland,Louisiana,94653,169-90-3813
P0320,April White,,,6405 Massey Springs,New Amanda,Idaho,20891,069-33-0898
P0321,Daniel Davis,1977-05-11,Female,47473 Andrea Villages Apt. 478,Garymouth,Maryland,40143,848-17-0044
P0322,Larry Campbell,1926-10-01,M,387 Mary Corner,Gutierrezfort,New Mexico,40143,098-27-1478
P0323,Tamara Jones,2016-04-02,F,,North Donald,North Carolina,49507,201-35-6856
P0324,Kimberly Miller,1953-01-24,Male,217 Cooper Road Apt. 984,East Teresaside,Missouri,43793,370-67-1813
P0325,Gregory Oliver,1953-10-04,F,93489 Amy Stravenue,Lake Brianborough,Ohio,09024,839-34-6311
P0326,Cameron Lawson,1948-01-12,M,19597 Tiffany Vista Apt. 912,New Leonardfort,Illinois,39192,093-12-4846
P0327,Anita Wright,1969-09-16,Male,3015 Benjamin Circle Suite 407,Patelville,Arkansas,81325,759-53-5908
P0328,Elizabeth Tate,1967-12-31,Female,6345 Wilson Point Apt. 991,South Sheila,Rhode Island,35484,350-20-0903
P0329,Michael Donovan,2024-05-04,Female,61669 Andre Terrace,East Elizabeth,Florida,97501,127-52-8775
P0330,Roger Buckley,1945-02-27,M,756 Debra Light,Blevinstown,North Dakota,25870,647-35-8136
P0331,Tara Miller,1925-01-02,,9325 Anderson Curve,Williamsborough,Hawaii,19607,032-06-7591
P0332,Debra Morgan,1991-08-16,Male,,West Linda,Oklahoma,61197,126-19-9996
P0333,Edward Lopez,2022-02-03,Female,8028 Smith Light,West Andreaburgh,Idaho,34861,014-54-5876
P0334,Stacey Baker,1978-10-20,Female,90418 Graham Spurs Suite 301,Murphystad,Nevada,18135,226-66-9157
P0335,Jordan Dixon DDS,1976-04-27,F,9931 Pedro Center Suite 229,North Victoriaborough,Oklahoma,50595,010-36-7897
P0336,Destiny Mullins,1935-04-27,M,80351 Vincent Pike,Jessicaside,Hawaii,94644,584-38-5047
P0337,Michael Martinez,1987-01-11,,3472 Brianna Course,Wellston,Oregon,43935,747-29-2066
P0338,Jennifer Smith,2000-03-25,F,868 Davenport Isle Suite 292,Kimside,Texas,24824,894-21-8611
P0339,Michelle Santana,1939-07-23,M,35306 Simmons Stream,Erinchester,New York,54175,655-64-8232
P0340,Travis Ramirez,1999-07-24,Male,4495 Cook Common,West Daisy,Colorado,63097,331-45-5403
P0341,Caitlin Shaw,2009-03-22,Female,8741 Janice Highway Suite 267,Kathleenville,South Carolina,81610,505-55-4214
P0342,Derrick Sullivan,1967-10-19,Female,6419 Alexander Rapid,Youngtown,Arkansas,74651,212-45-8263
P0343,Amy Rodriguez,1950-07-26,F,59722 Thomas Pine,Katherineborough,Maryland,87377,615-22-7858
P0344,Juan Bradley,1995-03-28,F,0180 Smith Ford Apt. 480,Port Melissabury,New Hampshire,98510,248-48-8635
P0345,William Tucker,1971-07-23,Female,4605 Brenda Lock Apt. 967,Sarahfurt,South Dakota,92318,142-64-2229
P0346,Gary Harris,2019-04-23,M,911 Jennifer View Suite 672,Joannburgh,Colorado,47348,329-93-3564
P0347,Shannon Nunez,1986-04-07,M,8212 White Green Apt. 956,Davidsonview,Maine,98593,405-01-7305
P0348,Paula Johnson,1989-11-15,,99198 Stephen Landing Suite 129,Kerryport,Rhode Island,22155,348-27-1644
P0349,Donald Weaver,1995-04-03,,597 Gonzales Mews,Nicholasmouth,Pennsylvania,05311,493-03-5926
P0350,Nicholas Baker,2020-11-19,F,436 Sandoval Cove,Michelleshire,Idaho,18964,744-01-9540
P0351,Logan Merritt,1990-09-28,F,341 Clark Ramp Suite 710,North Davidmouth,Tennessee,33565,474-59-3748
P0352,Lisa Baker,2014-09-28,Female,487 Gerald Lakes,Haydenmouth,Montana,33866,107-29-5614
P0353,Vincent Walters,1966-07-15,Female,,South Amandastad,New Jersey,28549,635-86-5146
P0354,Scott Herrera,1975-03-24,Male,095 Burgess Hollow Suite 581,Powellberg,North Dakota,34906,644-82-1927
P0355,Jennifer Allen,2025-06-02,Female,0407 John Valley Suite 147,Lebury,Maine,16817,
P0356,Michelle Armstrong,1930-02-27,M,,South Sheila,Mississippi,94071,785-52-0608
P0357,Alexander Franklin,1977-04-29,,17590 Katherine Mill,South Steveview,Oregon,04884,501-70-7086
P0358,Cassandra Rice,1967-03-10,,2159 Elizabeth Trail,Wallacebury,Minnesota,26445,810-55-7976
P0359,Mrs. Megan Kelly DDS,1979-12-10,F,0722 Joseph Corner,East Lauren,Connecticut,99235,199-79-0120
P0360,Colton Munoz,1966-08-27,,4936 Rosales Fork,Timothyshire,Nebraska,58386,788-09-4392
P0361,Alison Padilla,2015-05-02,F,073 Schroeder Mews,Annberg,Missouri,03802,526-23-5615
P0362,William Perry,2023-10-04,F,,Pachecoview,Virginia,09454,145-65-8571
P0363,Todd Garcia,1941-08-30,,21425 Linda Corner,New Tracyside,Oregon,19735,864-43-5016
P0364,Peter Flores,1960-06-03,Male,5325 Ramirez Club Apt. 818,Christopherfurt,New Hampshire,25087,524-03-5540
P0365,Daniel Petersen,2012-01-20,M,,Lake Brittanymouth,Washington,56709,526-39-1634
P0366,Stephanie Atkins,1935-05-28,,2201 Stanley Gardens Apt. 354,North Danielmouth,Hawaii,71503,213-50-0188
P0367,Jordan Johns,1978-03-23,M,7090 Stanley Orchard Suite 183,Bennettstad,Alabama,63832,
P0368,John Massey,2011-02-09,Female,17204 Hoffman Shoals Suite 186,North Jeremy,Texas,21713,397-39-5383
P0369,Dawn Jordan,1965-02-08,F,916 Marcus Spur,New Erin,Missouri,33291,816-73-0544
P0370,Michelle Christensen,2012-04-14,Female,42519 Fleming Crossing,Lake Michelleside,Oregon,13587,193-51-8927
P0371,James Best,1987-05-29,F,15319 Dana Locks Apt. 526,East Grantchester,Oregon,96835,775-04-9018
P0372,Joy Sparks,1994-06-27,M,93358 Katelyn Views,Jamesland,Alabama,54011,371-58-3921
P0373,Erin Miller,1966-11-15,F,6935 Anthony Estates Apt. 401,New John,Colorado,75389,339-48-8409
P0374,Lauren Olson,2003-03-03,Female,59717 Miller Oval,East Antoniochester,North Carolina,59732,059-74-4972
P0375,David Cantu,1976-06-19,M,1648 Kathleen Roads,Jasonmouth,Missouri,73719,
P0376,Peter Chavez,1979-06-04,M,6006 Walker Islands Suite 317,North Jeremy,Idaho,35129,595-54-7393
P0377,Paul Porter,1960-05-30,Female,04848 Brenda Squares Suite 318,West Paulmouth,Maine,21760,496-07-7455
P0378,Sarah Macdonald,,F,476 Daniel Center Suite 976,Nicolestad,Maine,88792,762-45-6854
P0379,Chris Cunningham,1986-07-12,M,69348 Adams Springs,Port Jamestown,Rhode Island,67016,265-88-6230
P0380,Hannah Butler,1983-07-12,,992 Jones Path Apt. 687,New Katrinamouth,New Hampshire,60298,
P0381,James Williams,2013-07-10,Male,962 Walker Mountain,Lake Lindsey,New Hampshire,09644,687-11-0904
P0382,Olivia Mcneil,,M,89622 Richard Shoal,West James,Iowa,25744,701-31-0851
P0383,Cindy Lawrence,1955-10-02,Male,6060 Knight Green Apt. 069,Destinyborough,Michigan,57864,551-51-5294
P0384,Linda Davis,1993-04-28,F,,Johnton,Arizona,50641,883-34-4159
P0385,Samantha Rogers,1996-11-04,Male,3119 Jonathan Lake Suite 428,West Johnmouth,Nebraska,40174,136-47-5457
P0386,Karen Heath,1982-03-22,,602 Jeremy Ramp Apt. 213,South Austinland,South Carolina,94490,334-72-6575
P0387,Tammy Bean,2002-12-19,Female,798 Moore Path,Harrisland,Kentucky,21145,825-40-9297
P0388,Jason Johnston,1939-11-15,F,964 Wilson Branch Apt. 328,South Adammouth,Colorado,92458,043-23-8636
P0389,George Miller DVM,1944-07-03,Female,017 Evans Groves,South Joshuafort,South Carolina,18521,675-90-1117
P0390,Stephen Sullivan,1942-05-23,F,0152 Becker Ports Suite 442,East Mindyfurt,Arkansas,63583,548-99-5598
P0391,Joshua Mcmillan,1950-02-25,Female,95872 Haley Forge,Nicholstown,Nevada,06920,815-12-4254
P0392,William Hernandez,1942-10-18,,1485 Christine Mount Apt. 150,New Ryanfort,Texas,17833,029-80-2116
P0393,Kenneth Williams,2001-01-05,Male,523 Janet Port,Wilkinsonview,Oregon,85362,872-26-7809
P0394,Kathy Watkins,1938-07-08,F,551 Ruben Forest Suite 149,North Rebecca,New Jersey,44311,851-59-4960
P0395,Ashley Conner,1966-08-21,Female,8739 Moore Curve,Carolynhaven,Ohio,31661,710-09-2914
P0396,Kenneth Davila,1988-06-03,,67724 Lee Inlet Apt. 549,Stoneburgh,Rhode Island,49835,
P0397,Brian Mckee,2021-03-31,Male,80299 Kathryn Fork Suite 804,West Thomas,Nebraska,07128,642-04-0817
P0398,Alexandra Jones,2019-08-12,F,3762 Koch Lodge Suite 225,Brittneyton,Iowa,54580,801-77-3784
P0399,Philip Robbins,1961-01-04,M,,North Erikaberg,New Jersey,32184,112-91-1863
P0400,Cathy White,1966-10-08,F,7569 Natasha Roads,New Josephbury,Indiana,43749,626-68-4472
P0401,Eric Moore,1997-10-18,,,Port Laura,Wisconsin,85354,781-42-6837
P0402,Susan Olson,1989-05-09,F,3902 Ryan Estates,Stevenbury,Montana,43026,011-06-3323
P0403,Justin Andrews,2020-03-06,M,4761 Turner Mission,Wrightmouth,Massachusetts,34554,675-07-4656
P0404,David Morales,1991-07-15,Female,067 Shepherd Grove,New James,Iowa,90142,589-52-9626
P0405,Francisco Lewis,2015-12-02,Female,528 Grant Forges,Stephenbury,North Carolina,13425,227-32-0323
P0406,Crystal Peterson,2010-02-04,M,23641 Elijah Trace,Mahoneytown,South Dakota,75219,552-48-3128
P0407,Judy Brown,1955-10-20,F,51602 Lorraine Islands Apt. 071,Staceymouth,Ohio,65860,056-76-4371
P0408,Melissa Hill,1945-03-17,,6411 Nathan Landing Apt. 253,South Kelliland,Pennsylvania,12445,865-32-5657
P0409,Hannah Paul,2023-09-23,Female,,Cherylview,Wisconsin,09463,632-92-7708
P0410,Michael Garrison,1967-03-22,Male,1663 Susan Roads Apt. 463,Port Kristenville,West Virginia,54308,138-10-8790
P0411,Stephanie Moran,1956-10-17,Female,00761 Williams Drives Apt. 598,Masonstad,Texas,85977,431-77-7298
P0412,Billy Lee,1953-11-05,Female,,Johnsonhaven,Arizona,98170,784-76-0622
P0413,Blake Mitchell,1981-04-24,M,39278 Amanda Fords,West Laurenfurt,Texas,15519,396-32-9091
P0414,Jennifer Romero,2020-10-19,M,85690 Burton Shore Suite 568,South Timothy,North Dakota,04993,013-62-2558
P0415,Brooke Smith,2011-05-09,F,,Lake Elizabethport,New Hampshire,20730,
P0416,Judith Bell,1962-12-15,Male,8308 Brandon Locks,Farleyhaven,Wisconsin,78936,599-81-9334
P0417,Martin Reed,1963-02-20,M,7146 Baker Camp,Grayhaven,Washington,55270,461-48-1121
P0418,Gail Henry,1938-03-22,,4560 Barnett Underpass,Loriborough,Maryland,33130,769-12-8254
P0419,Mario Gonzales,2004-08-01,Male,02585 Rivera Turnpike,East Kaylee,Virginia,62998,
P0420,Mr. Michael Garcia,,Male,,Wattsfort,Connecticut,78082,802-21-6811
P0421,Douglas Castillo,1945-05-25,Female,24025 Rogers Burg,West Kennethton,North Carolina,98067,738-05-9234
P0422,Krista Clark,1991-12-25,Female,738 Taylor Lane Apt. 630,Port Laura,Maine,33102,539-29-0974
P0423,Kevin Carter,1967-01-22,,493 Travis Station,Danielshire,Oregon,84887,423-41-4448
P0424,James Hunt,1992-01-21,Female,1896 Dustin Drives,Stricklandfurt,Arkansas,01048,170-17-4093
P0425,Danny Finley,1929-10-12,Female,7712 Miller Land Apt. 418,Port Michelle,Alabama,44647,072-53-6596
P0426,Michael Owen,1948-12-07,Female,278 Wise Oval,New Angelaborough,Nebraska,11366,335-18-7761
P0427,Frank Arnold,1962-11-02,M,2022 Benson Drive Suite 886,Lake Chad,New Jersey,31264,474-10-4919
P0428,Darrell Jones,1939-06-08,F,266 Samantha Turnpike,New Kathrynshire,Nebraska,01340,393-11-0402
P0429,Timothy French,1992-09-17,F,,Port Curtisshire,South Carolina,16910,752-41-6200
P0430,Megan Thomas,1965-10-27,F,8834 Tanya Forges Suite 141,Port Chad,Connecticut,15032,879-72-1697
P0431,Travis Peterson,1936-03-04,,51790 Collins Camp,Robertshire,West Virginia,36531,812-07-6331
P0432,Edward Roth,1986-12-01,Female,03145 Nelson Mountains,Port Elijah,Massachusetts,87191,484-77-4404
P0433,Jordan Adams,1954-10-04,F,4499 Smith Forks,New Daniel,Iowa,52036,766-79-4734
P0434,Robert Sullivan,1965-05-15,,60326 Bell Circles,West Tracyfurt,Kansas,11981,702-05-1331
P0435,Joseph Sullivan,1969-09-14,Male,1253 Johnson Heights Apt. 047,Stephaniefurt,New Jersey,79071,308-72-6203
P0436,Makayla Velasquez,2004-11-26,,481 Smith Run Apt. 610,South Laurentown,Wisconsin,09914,456-63-3636
P0437,Emily Solomon,2005-07-12,M,07811 Scott Ports,Collierton,Louisiana,81252,025-22-1521
P0438,Edward Duffy,1973-01-08,M,674 Jesse Shores Suite 965,Shelbybury,Oregon,14774,492-88-0435
P0439,Monica Ward,1924-08-25,M,9992 Sims Keys,Lake Paul,Delaware,97454,629-62-7478
P0440,Zachary Robinson,2001-10-09,F,2487 Sarah Flat Suite 865,Port Christy,New Mexico,86858,832-50-9068
P0441,Brandon Haynes,1957-05-03,Female,317 Alexander Bypass Suite 055,South Moniquemouth,New Jersey,80130,129-16-1990
P0442,Gerald Long,2004-06-06,Female,4646 Lori Place,Smithport,Texas,82865,662-42-5909
P0443,Dr. David Love,1958-07-30,Male,1866 Michael Crossroad,West Andrewburgh,Missouri,07525,008-07-1315
P0444,Rebecca Rodriguez,1932-01-07,M,6161 Lee Green,Tammyhaven,Colorado,18761,090-30-0020
P0445,Patrick Hunt,2013-08-23,M,469 Kathryn Spur,Woodsborough,Utah,29081,076-08-4321
P0446,Kendra Snyder,1987-12-06,,655 Jones Dam,North Kelsey,North Dakota,72190,140-18-0344
P0447,Paul Fox,1978-08-06,Female,76130 Jake Greens Apt. 693,Huntermouth,South Dakota,80387,606-09-6781
P0448,Jessica Smith,1957-08-30,Male,91932 Taylor Place,Lake Linda,New Jersey,13830,180-49-9872
P0449,Kevin Jacobs,2009-06-27,Male,25296 Scott Spur Suite 368,Hunterville,California,41016,802-29-3618
P0450,David Jacobs,,F,8771 Stewart Keys,Port Daniellefurt,Vermont,22376,799-62-8695
P0451,Leonard Jackson,1972-12-22,Male,204 Mckay Mountain,North Robert,Washington,52515,405-93-0369
P0452,Connor Hicks,1934-05-05,M,95599 Mcdonald Forks,Cordovashire,Illinois,79359,851-46-8010
P0453,Emily Reed,2001-04-13,M,7411 Timothy Forge,Richmondmouth,Alabama,29129,728-68-6975
P0454,Henry Rosario,,Male,1125 Cross Estates Apt. 300,West Raymondbury,Arizona,97902,521-90-2395
P0455,Carol King,2011-03-29,M,732 Benjamin Mountains,North George,New Hampshire,30585,734-55-5786
P0456,Donna Bailey,1949-07-04,Female,2019 Kirk Plaza,Devinfort,Kentucky,88767,072-56-2625
P0457,Michael Gill II,,M,1295 Rivera Spur Apt. 051,New Dannyport,Vermont,70987,788-33-2112
P0458,Shawn Clark,1930-12-19,,60722 Marco Drives,North Janice,Illinois,88275,279-88-2333
P0459,Margaret Gonzalez,1986-08-30,M,91692 Michelle Creek Suite 631,Larsenchester,South Carolina,51030,857-72-7721
P0460,Elizabeth Wright,1924-09-03,Male,4410 Garcia Lock Suite 970,Lake Amyport,West Virginia,43923,566-04-1636
P0461,Matthew Burns,1965-03-20,Male,628 Brenda Hill,North Michaelmouth,Alaska,86247,625-53-9391
P0462,Jennifer Simon,1951-01-14,Male,2552 Heather Dale,West Wesleyside,Illinois,60273,664-57-4984
P0463,Thomas Singh,2019-09-03,,6253 Williams Coves Apt. 152,Luischester,Idaho,61188,457-91-8902
P0464,Cassandra Williams,1935-09-13,M,8903 Jonathan Knolls Apt. 971,Jonesport,Florida,23843,624-29-6029
P0465,Erin Holt,1964-08-18,F,205 Elliott Mills Suite 779,North Erinmouth,Pennsylvania,72361,
P0466,Michael Blake,1988-02-20,Female,74511 Smith Port Suite 897,Port Katherinestad,Texas,22506,186-15-3361
P0467,Michael Larson,1975-08-25,Female,83476 David Parkways,North Gloria,New York,37301,400-14-1915
P0468,Monica Armstrong,2011-06-15,,927 Cynthia Isle Suite 033,Goodmanhaven,Utah,46738,849-19-8411
P0469,Marvin Harding,2008-02-24,,184 Tanya Mountain Suite 309,Lake Adambury,New York,77490,292-79-9542
P0470,Dr. Terri Valdez,1964-12-04,Male,7444 Melissa Cape Suite 692,Taylormouth,Maine,86247,238-39-7405
P0471,Wendy Rodriguez,1977-09-10,Male,435 Samantha Path,Stephanieshire,West Virginia,07603,474-78-9377
P0472,Helen Wyatt,1985-10-13,,756 Nicholas Pine,Wendyborough,Maryland,89261,040-63-3450
P0473,Jeremy Santiago,2017-12-09,Male,6135 Dawn Alley Suite 883,Silvaberg,Illinois,26370,733-92-8210
P0474,Adam Strong,1980-02-12,F,85023 Kathy Dam Suite 532,Youngmouth,Delaware,37822,639-58-2554
P0475,Michael Lopez,1941-11-22,,7714 Sparks Isle,New Johnstad,Massachusetts,48754,353-89-7398
P0476,Mrs. Vicki Johnson,1980-06-04,M,4136 Baker Turnpike,Annefort,Montana,15070,
P0477,Ashley Elliott,,Male,270 Nguyen Mill,Garciaberg,Hawaii,20086,555-84-3881
P0478,Mackenzie Diaz,1964-10-08,M,8530 Watson Islands Suite 950,South Jason,Michigan,56692,007-64-8167
P0479,Mr. Robert Collins,,Male,27639 Jose View,Johnsonhaven,Idaho,91501,760-32-6559
P0480,Michelle Bird,1943-10-27,,022 Bryan Mills Suite 506,South Kerriton,Nevada,84821,474-04-1100
P0481,Megan Thompson,1932-01-28,M,344 Stephen Rapid,Shannonville,Missouri,24398,746-10-9032
P0482,Melissa Fischer,1955-12-12,Female,929 Logan Ridge,North Aaron,Michigan,29904,026-62-1394
P0483,Thomas Williams,1932-01-20,Female,83774 Shawn Center,Justinside,Massachusetts,64856,753-70-8773
P0484,Rachel Macdonald,1944-04-02,Female,3228 Susan Expressway,Cherryside,Arkansas,38660,265-54-6867
P0485,Kevin Taylor,1961-04-30,Male,0960 Mercado Greens Suite 245,West Steven,New Hampshire,72605,477-89-4106
P0486,Joshua Herrera,1926-05-25,Female,94657 Ellis Ways Apt. 612,Ashleyberg,Ohio,40650,159-52-8560
P0487,Kyle Hunt,1944-06-07,F,164 Samuel Alley Suite 371,Johnsonfurt,Washington,94510,408-70-8443
P0488,Dakota Vaughn,2011-10-03,Male,,Grayfort,Oregon,48693,652-09-2365
P0489,Joseph Merritt,1948-03-09,,85354 Mary Turnpike Apt. 199,New Angelaview,Oklahoma,03085,535-57-0046
P0490,Bailey Smith,1994-06-29,M,1520 Mcdonald Cove Apt. 740,Jeremychester,Oklahoma,76389,382-94-7253
P0491,Jody Hernandez,1964-06-12,Male,05110 Brett Mountains Apt. 178,Anthonyburgh,Alabama,49289,050-20-5702
P0492,Krystal Martin,2009-10-10,Female,920 Alexander Spring,New Rachel,New Mexico,48273,640-78-7756
P0493,Joe Schwartz,,Female,,Daniellechester,Massachusetts,78489,888-96-7395
P0494,Dawn Wolf,1971-08-24,F,9420 Miller Haven,West Kimberlyborough,New Hampshire,38737,041-88-6003
P0495,Steven Lopez,1986-11-22,,6699 Gray Crescent,Wangtown,North Dakota,42474,352-64-1449
P0496,Judith George,1930-10-18,F,496 Joshua Radial Apt. 803,Wesleyburgh,Maine,96769,
P0497,Henry Scott,1969-06-27,,998 Clark Green,Kathymouth,Georgia,58352,755-76-1791
P0498,Bruce Holt,1932-03-15,M,184 Byrd Pass Suite 932,East Michaelshire,Nebraska,15939,513-86-3435
P0499,Matthew Cummings,1951-07-03,Female,800 Dylan Walks Suite 425,Batesberg,Alabama,44403,872-43-4858
P0500,Carla Andrews,1990-05-22,,921 Ruiz Springs,Chelseaside,Louisiana,59071,313-50-0081
P0501,Kevin Walls,1938-08-04,F,847 Christopher Meadows Apt. 727,Amandaview,Minnesota,19382,637-24-6944
P0502,Tommy Patterson,1992-12-30,F,887 Rivera Harbors Suite 847,Tammybury,Louisiana,01060,119-79-2232
P0503,Lauren Holt,1953-06-21,Male,59627 Alvarado Circles Apt. 463,North Ericview,North Dakota,38032,807-38-7841
P0504,Jennifer Kramer,1972-01-16,Female,15686 Janet Squares Apt. 070,Rogersview,North Dakota,04466,888-41-3803
P0505,Andrew Mann,1985-08-28,F,30372 Jones Loop Apt. 447,Robertland,Connecticut,17548,641-10-3436
P0506,Alexis Stephens,1949-10-17,F,066 Luis Hills Suite 985,Bennettstad,Nevada,43244,
P0507,Elizabeth Mills,1928-05-21,Female,,Lake Melissa,Utah,68953,181-44-2286
P0508,Christopher Bates,2020-05-31,F,9059 Price Station Suite 288,Lake Mary,Maine,59353,037-43-2526
P0509,Bobby Robinson,2016-04-12,,887 Laura Throughway,East Julie,Alaska,27762,889-56-6253
P0510,Veronica Martinez,1984-09-14,Female,626 Lopez Divide Suite 603,North William,New Mexico,59330,
P0511,Sandra Kim,1935-05-14,F,2833 Little Key,Timothymouth,Nevada,23239,198-84-2115
P0512,Sarah Chavez,2012-03-03,Female,45358 Thornton Mountains,North Shelly,Wyoming,61093,226-96-2074
P0513,Gregory Middleton,1985-06-22,,2402 Peterson Highway,Boydbury,Pennsylvania,59466,470-84-0634
P0514,Brian Woods,2000-05-30,M,9646 Hall Lock,Normantown,Maryland,37009,528-86-4335
P0515,Jessica Reese,1952-09-06,Male,291 Justin Rapids,Michaelmouth,Vermont,57871,030-02-6935
P0516,Cynthia Mendez,,Male,,Brandishire,Utah,37076,164-54-4499
P0517,Jason Fields,2005-05-29,Female,,Jamieland,Florida,94664,049-29-4014
P0518,Alyssa Wilson,2022-08-27,Female,62833 Coleman Road Apt. 581,New Emilyville,Mississippi,29134,212-59-4591
P0519,Christina Powell,,F,77287 Whitney Light,Cathystad,New Jersey,91836,596-86-4847
P0520,Johnny Carroll,2007-09-20,Male,0553 Anderson Station Apt. 714,Nancyport,California,73790,230-80-5653
P0521,Melissa Anderson,2014-09-08,F,07882 Preston Island Apt. 192,West Marilynstad,New York,39219,728-38-5238
P0522,Robert Williams,2014-12-16,Male,6947 Anthony Street,West Stephanie,Illinois,96023,372-88-3965
P0523,Timothy Floyd,2024-11-23,Male,0293 Hall Row Apt. 941,Port Jennifer,Oklahoma,05584,371-92-2700
P0524,Kenneth Aguilar,1932-10-18,Female,7941 Lauren Shoal,East Mark,Nebraska,01570,089-71-9738
P0525,Vincent Wilson,1965-08-30,,8571 Jason Trafficway,Holtmouth,Nevada,72179,426-12-3042
P0526,Dylan Anderson DDS,1944-12-29,Male,91381 Benjamin Highway,Annburgh,South Carolina,69398,617-07-9111
P0527,Kelsey Jones,1976-03-05,Male,5231 Erica Ways Apt. 821,East Manuel,Oklahoma,95798,837-90-3390
P0528,Tyler Hall,1983-02-22,M,0417 Alexander Shoal Apt. 891,New Laurafort,Maine,05188,329-04-1836
P0529,Daniel Moore,1958-05-15,M,9560 Jones Path Suite 650,Chavezberg,Minnesota,93232,881-84-7525
P0530,Benjamin Bennett,1952-12-01,F,0378 Christopher Walk,West Kayleemouth,Alaska,25137,778-74-6212
P0531,Christine Coleman,1987-04-24,F,59946 Sanders Rapids,Port Jennifer,Wyoming,32983,224-89-7557
P0532,Johnny Harmon,1967-10-18,Female,97140 Gonzalez Falls,West Jason,Alaska,99150,416-44-8758
P0533,Elaine Keith,1998-03-16,,237 Greene Avenue,Lopezhaven,Massachusetts,71507,
P0534,Brenda Brooks,1970-06-08,Female,5139 Patricia Manor Apt. 348,Port Karen,Nevada,65461,556-72-3379
P0535,Katherine Sanders,2001-01-17,F,38004 Robert Mill,Aprilchester,Nebraska,36345,530-56-7858
P0536,Deborah Long,1991-04-26,,06317 Reed Extension,Castilloton,Delaware,34599,367-66-4947
P0537,Brian Curry,1961-02-19,Male,57281 Dawson Squares Suite 116,Wilsonport,Missouri,04570,881-26-6145
P0538,Jose Jackson,1927-06-29,,5465 Thompson Locks Apt. 684,South Shannon,Louisiana,04079,204-38-4468
P0539,Emily Braun,2001-08-04,M,660 Jerry Avenue Apt. 196,East Tyler,Georgia,29408,536-49-9619
P0540,Derek Martinez,1937-12-13,Male,368 Amanda Shoals Apt. 957,Port Brendaview,Alaska,94366,620-74-1394
P0541,Thomas Ward,1998-06-18,Male,36403 Velasquez Road,Annaborough,West Virginia,62610,833-60-0556
P0542,Jason Cochran,2002-02-10,,951 Shepherd Ranch Suite 449,Pattersonmouth,Maine,18613,856-11-7799
P0543,Melissa Gomez,1983-09-13,Female,5280 Daniel Summit,Lake Victoriaborough,Louisiana,40613,473-75-4663
P0544,Emma White,1967-01-31,F,3832 Ramirez Street,Higginston,Arkansas,12362,456-02-7621
P0545,Theresa Martinez,2021-05-24,M,576 Joan Garden Apt. 494,Christopherport,Idaho,82488,723-82-4018
P0546,Gregory Hernandez,1998-03-22,M,372 Marquez Wall,Barrettshire,Oklahoma,16844,676-27-0791
P0547,Jennifer Nguyen,1961-10-04,Male,,Sampsonfort,Connecticut,11352,350-67-9182
P0548,Nicholas Rollins,1995-11-21,Male,89410 Luna Crest Apt. 611,Sarahview,Kentucky,50547,730-84-1339
P0549,Yvonne Chase,1957-04-18,F,754 Jessica Hollow,Lewishaven,Ohio,85898,784-44-3027
P0550,Zachary Caldwell,1964-04-09,,0078 Cynthia Junctions Apt. 251,North Karen,Washington,73236,849-04-9022
P0551,Nicole Sullivan,2002-04-17,M,666 Eddie Meadows,Reneeborough,Oklahoma,28682,849-74-5915
P0552,Jason Powell,2015-06-25,Male,00370 Sergio Valleys,South Abigail,Arkansas,69671,
P0553,Nicole Butler,2021-08-06,F,320 Mcbride Underpass Apt. 983,Williamberg,Utah,91628,709-56-8057
P0554,Kimberly Grimes,2017-08-02,,650 Lindsey Spring,Lisafurt,Massachusetts,58387,137-55-7716
P0555,Michael Davis,2005-11-16,M,179 Jimenez Ports,Adamton,Illinois,40783,342-98-2169
P0556,Amy Kim,1948-11-30,,303 Megan Loaf Suite 525,Walkertown,South Carolina,94315,778-05-7561
P0557,Sally Rowe,,M,635 Ryan Junctions,Lake Eddie,New Jersey,52892,763-62-6031
P0558,Grant Grant,1990-02-07,M,53669 James Park,Hallview,Florida,20089,546-46-6558
P0559,Travis Stone,1987-10-24,M,72259 Curtis Fort,Lake Thomas,Wyoming,96622,716-92-0872
P0560,Michael Collins,2013-08-15,Male,0370 Gonzalez Fort,Lake David,South Dakota,70939,831-66-3450
P0561,Holly Walters,1935-09-15,F,,West Debbie,Oklahoma,82543,013-35-7615
P0562,Brian Mills,2021-03-24,F,176 Fernandez Shoal Suite 455,Kevinberg,Connecticut,48689,502-86-8838
P0563,Julie Barnett,1983-09-10,M,53273 Boyd Lake Apt. 428,Lake Leah,Arizona,29461,618-59-9949
P0564,Thomas Powers,1954-02-08,F,50321 Todd Views,Maynardstad,Wyoming,11078,698-88-0490
P0565,Adam Graham,2024-09-15,Female,067 Veronica Park Suite 714,Wrightside,Pennsylvania,47473,742-79-1459
P0566,April Rose,1949-09-07,Male,76221 Gomez Trace Suite 374,New Erica,Nebraska,30366,611-78-4214
P0567,Sylvia Roberts,1951-11-04,F,,Lukeport,Nebraska,47987,
P0568,Matthew Richardson,1934-08-13,,87300 Joanna Course Apt. 273,Powersbury,Utah,97875,172-45-6399
P0569,Julia Cortez,,F,34874 Carmen Circles,Contrerastown,Connecticut,76556,127-05-9883
P0570,Joshua Jordan,2022-06-21,F,732 Collins Throughway,Ayalaside,Oregon,82807,708-26-7685
P0571,Lisa Mccoy,1962-07-03,F,6090 Tyler Mall,Rosestad,South Dakota,73800,111-02-4679
P0572,John Wright,1961-06-26,M,9447 Haley Fort Suite 805,New Sherry,Alaska,86901,340-50-7156
P0573,William Tran,1984-09-13,F,771 Tiffany Harbor Apt. 450,Romeroborough,North Carolina,05819,405-21-5299
P0574,David Hunt,2002-02-22,F,6924 Kenneth Well Apt. 548,Larsonburgh,Delaware,24967,840-14-5828
P0575,Rodney Gordon,1933-02-13,,803 Parrish Manor,Patricktown,Maryland,77493,822-08-3473
P0576,David Hill,1983-01-16,Male,161 Gregory Valleys,Bradleybury,Washington,75808,836-88-6637
P0577,Veronica Arnold,1980-02-11,Male,900 Martinez Pike,East Jay,Florida,71779,426-92-6572
P0578,Robert Robertson,1967-06-10,Male,,Port Michelleburgh,Pennsylvania,44899,805-62-3163
P0579,Alexandra Frey,1928-09-20,,45718 Rhonda Points,South Julieland,Rhode Island,39193,623-73-9477
P0580,Thomas Garrett,2023-01-07,Male,55191 Martha Ports Suite 871,Nortonfort,California,63812,008-69-0188
P0581,Lisa Hernandez,,F,285 Tracy Squares,New Robertoberg,Pennsylvania,29337,213-18-1217
P0582,Diana Gomez,1942-10-27,M,,New Monicaview,Arizona,87758,054-28-7832
P0583,Angel Hickman,1991-12-27,,856 Jennifer Glens Apt. 661,Lake Samanthaburgh,Nebraska,97580,135-93-0538
P0584,Sydney Vang,2005-01-13,Male,65712 David Meadows Apt. 181,Lake Jessicabury,Utah,81055,865-78-3632
P0585,Christopher Howard,,Female,206 Jeffrey Turnpike Suite 596,Port Andrewshire,Virginia,51213,
P0586,Laura Sullivan,1999-01-01,F,5052 Calvin Throughway,Port Jaychester,Alabama,68509,126-52-4491
P0587,Teresa Wu,1926-04-17,M,6081 Meadows Glens Apt. 834,Elliottview,Louisiana,74692,897-46-0489
P0588,Alexandra Frazier,,,062 Baker Locks Suite 983,Ashleyton,New York,34303,146-78-4493
P0589,Charles Montgomery,1926-09-01,Male,577 White Vista Apt. 847,Mullinsland,Rhode Island,45772,200-06-1569
P0590,Scott Mitchell,1943-05-24,Male,74685 Dennis Tunnel Suite 297,Millerfurt,Missouri,18471,788-93-8850
P0591,Adam Lopez,2005-09-12,M,6896 Santos Crossing,Woodburgh,New York,98282,503-88-4840
P0592,Arthur Cox,1992-02-25,Male,12524 Susan Junctions,West Maria,Missouri,04937,001-67-5260
P0593,Kelly Harvey,2006-03-02,,72150 Mejia Branch Suite 353,East Jenniferhaven,Louisiana,49189,424-03-5397
P0594,Sandra Hall,2014-10-31,Female,22109 Nicole Wells,Sabrinabury,Washington,14788,812-36-1231
P0595,Andre Berger,1990-07-21,M,3779 Hannah Hollow,Port Edgarville,Nevada,70087,151-30-1520
P0596,Marcus Knight,2017-03-23,F,100 Hernandez Inlet,South Maurice,New Jersey,68569,791-79-7131
P0597,Meghan Ward,1988-12-01,M,5263 Shaw Place Apt. 372,Lanceburgh,Florida,84307,330-26-5357
P0598,Steven Cordova,2016-12-19,,,New Anthony,Arizona,33207,258-44-5989
P0599,Noah Lopez,1988-09-05,Male,47676 Herman Station,New Davidside,New York,39721,329-91-8202
P0600,Nathan Anderson,,M,3136 Munoz Cove Suite 262,Lake Dianafort,Maine,93807,085-33-4315
P0601,Mark Martinez,1977-03-30,,4529 Velazquez Knoll,Collinsborough,Indiana,09561,610-79-7846
P0602,Bryan York,1955-05-06,Male,49729 Wilkinson Mountain,North Anthonyton,West Virginia,27504,811-82-4957
P0603,Eric Greene,1974-01-22,Female,618 Mary Mountains Suite 021,Ashleyberg,New York,80062,262-28-7477
P0604,Thomas Robertson,1991-04-23,Female,033 Ethan Ferry Apt. 954,South Alexandermouth,Indiana,90385,121-40-8608
P0605,James Ford,1987-01-23,,740 Smith Lodge Suite 656,North Emilymouth,Missouri,94485,143-21-9006
P0606,Barbara Rasmussen,2018-01-14,F,93868 Timothy Turnpike,Kathrynberg,Nevada,34766,726-28-9810
P0607,Samuel Escobar,2022-09-24,M,969 Eileen Camp Suite 660,Amybury,Connecticut,24317,208-33-4336
P0608,Gerald Shepherd,1962-03-12,Male,84651 Tammy Falls,North Moniquebury,New Jersey,73551,
P0609,Kara Zimmerman,1966-04-02,Male,4811 Barber Prairie,Saraside,South Dakota,93529,
P0610,Timothy Jackson,2009-03-22,M,,South Audrey,Illinois,14185,214-98-6720
P0611,Michael Rogers,1992-01-22,F,6768 Alvarez Lakes,West Kristina,Nevada,09925,214-40-1464
P0612,Dr. Benjamin Reed,2000-01-25,Female,,New Deniseport,Idaho,57170,806-63-2135
P0613,Lawrence Smith,1991-03-03,M,50011 Jeffrey Coves Suite 480,Justinborough,Nebraska,33415,512-80-2561
P0614,Deborah Richards,1926-03-20,Female,86164 Padilla Brook,Maryshire,Colorado,45409,493-29-8689
P0615,Alyssa Gibson,2002-05-14,Male,3672 Brandy Lock Apt. 023,Whiteport,Iowa,88925,178-08-5962
P0616,Jasmine Knight,,F,5971 Cox Springs,Williamsonburgh,Wyoming,64581,
P0617,Bryan Maldonado,1966-06-07,Male,7326 Lisa Radial,Romerochester,North Carolina,72829,705-69-9017
P0618,Arthur Reilly,1995-10-05,,973 Mason Neck Suite 336,Josephfort,Arkansas,22549,392-26-2464
P0619,Ryan Barrett PhD,1972-03-14,,,Stokesview,West Virginia,44381,531-57-6345
P0620,David Aguilar,1960-07-22,M,155 Joshua Mills Suite 502,Andrewstad,Kansas,58524,508-22-9839
P0621,Kristin Nelson,1995-10-29,,3945 Joel Valley Suite 480,Warrenstad,Iowa,70243,222-26-8744
P0622,Jamie Lopez,2022-09-09,Female,69648 Heather Harbor,South Jeffreyborough,Arkansas,36524,090-46-0022
P0623,Jasmine Thompson,2020-08-20,M,51026 Black Ways Suite 963,West Sandra,New Jersey,37349,664-55-4366
P0624,Yolanda Finley,1978-02-11,Male,033 Rebecca Flat Suite 415,Port Brian,Wisconsin,75941,291-09-0875
P0625,Alisha Fuller,1983-11-06,F,8195 Peter Path,Brittanymouth,New Mexico,74659,650-61-3313
P0626,Whitney Roy,1927-06-09,F,44357 Adams Mountains Apt. 505,South Anthony,Wisconsin,61756,030-93-6611
P0627,Julie Reynolds,1988-07-03,F,1812 John Stravenue,Nielsenborough,Oregon,14891,131-25-8061
P0628,Jack Newman,1995-05-17,M,133 Jenkins Parkway Suite 058,South Bethton,South Dakota,99307,415-83-5954
P0629,Alvin Simmons,1930-01-13,Female,78384 Schmidt Grove Apt. 034,Stevenchester,Michigan,86999,292-89-0119
P0630,Sherry Oliver,1989-09-12,,090 David Mission,Port Elizabeth,Missouri,34098,252-95-1356
P0631,Patrick Nguyen,2009-06-05,F,4088 Barajas Radial Apt. 032,South Conniestad,Nevada,01166,866-92-5608
P0632,Manuel Harrington,1941-05-19,F,30299 James Forges Apt. 923,Melissafurt,Minnesota,35200,004-32-0481
P0633,Marvin Wilson,1972-07-20,M,,Lindaton,Idaho,89973,475-27-2677
P0634,Charles Villegas,2007-05-26,,18500 Anderson Common Apt. 068,Port Rebekah,Maryland,69752,896-16-0534
P0635,Susan Brown,1971-08-26,F,473 Ramos Views Suite 973,West Mariah,Michigan,84136,
P0636,Cynthia Gallegos,1975-06-25,Male,272 Kathy Ways,South Sarah,Florida,77424,364-13-8265
P0637,Seth Diaz,1988-01-16,M,815 Vargas Gardens Apt. 819,Lunamouth,Maryland,34815,
P0638,Jody Garcia,1970-07-24,F,488 Richards Crescent,Jillianhaven,Oregon,18356,671-33-4721
P0639,Dylan Young,1969-09-21,Female,6955 Guzman Union,West Michelle,North Carolina,67449,080-08-8320
P0640,Brandi Hernandez,1984-03-05,,7777 Watson Well Apt. 541,East Willie,Georgia,38309,755-76-4069
P0641,Mr. Andrew Snyder,2021-03-15,Male,5948 Carroll Street Suite 741,Simmonsborough,Utah,74378,350-54-8005
P0642,Gary Willis,1971-03-25,M,,East Kimberlychester,New Hampshire,35039,640-94-0342
P0643,Caleb Moore,1945-04-22,Female,76531 Montoya Creek Apt. 417,North Matthewstad,Michigan,73335,247-38-5787
P0644,Victor Barron,1973-12-15,Female,16833 Bauer Shoals Suite 668,New Loristad,Wisconsin,01520,309-96-9512
P0645,Jonathan Malone,1931-05-25,,17155 Hansen Trafficway Apt. 197,East Peter,Missouri,06559,798-79-3975
P0646,Mary Fisher,1995-09-23,M,010 Watson Track Apt. 911,West Maureenburgh,Arizona,21703,416-37-0795
P0647,Michael Parks,2024-04-25,Female,396 Vincent Canyon,North Elizabeth,Kansas,71718,574-82-7333
P0648,Terri Gamble,1933-01-09,Male,447 Karen Loop,Reynoldsbury,West Virginia,36279,864-18-0130
P0649,Elizabeth Lyons,1949-09-26,Male,,Jacobfurt,Nevada,38787,493-36-2440
P0650,Jennifer Hill,1928-07-23,,8327 Russell Mills Suite 818,Wallaceport,Louisiana,80374,581-22-5098
P0651,Jeremy Davis,1959-06-28,Male,399 Wright Valleys Suite 566,Desireeborough,South Carolina,37089,011-20-6208
P0652,Lauren Smith,,F,9666 Susan Crossing Apt. 292,Lake Kelsey,South Dakota,85121,140-35-6287
P0653,Brenda Berger,1955-04-25,Male,,Clarkfort,Virginia,73638,793-35-0873
P0654,Miss Amy Robertson,1991-06-07,Male,857 Brett Greens Suite 596,Emmamouth,Texas,52850,668-86-6093
P0655,Julia Cruz,2016-08-13,Male,55126 Pearson Green,Sheliaview,Indiana,54795,230-22-7650
P0656,Jason Scott,1983-08-07,Male,44200 Hernandez Spur Suite 747,Port Miguelton,Kansas,43203,085-81-9412
P0657,Wesley Bailey,2013-12-13,F,,Port Matthewstad,South Dakota,13776,242-29-5188
P0658,Kimberly Williams,1936-05-26,,22987 Jenkins Ford Apt. 790,Davidborough,Oklahoma,13056,002-52-0665
P0659,Natasha Wagner,1935-01-06,M,05229 Allison Keys Suite 496,Christinetown,Michigan,17894,485-03-2953
P0660,Marc Davis,1939-11-13,Female,58304 Courtney Neck Suite 130,Jonesberg,Florida,14753,412-71-9629
P0661,Gerald Boyle,1987-01-26,Male,7320 Sanchez Ridge,South Julian,Colorado,24043,424-55-6738
P0662,Scott Thompson,1951-11-14,M,65580 Farmer Glen Suite 555,South Stephen,Florida,07597,691-31-6639
P0663,Kara Brown,1986-05-12,F,00568 Williams Prairie Apt. 571,East Christopherhaven,Colorado,50710,465-89-9812
P0664,Christopher Allen,1950-01-05,Male,305 Moreno Street,Tanyachester,Michigan,62508,838-08-7248
P0665,Chelsea Valencia,2020-08-07,M,24264 Brady Tunnel,Courtneymouth,West Virginia,14967,588-04-2338
P0666,Elizabeth Chase,2013-04-11,,4880 Garcia Rest,East Justin,Wyoming,48345,741-32-3675
P0667,Mrs. Cynthia Stewart,2020-12-05,M,437 Aaron Viaduct Suite 164,South Sarah,Arizona,84359,663-19-1572
P0668,Alexandra Levy,1961-03-01,Male,12592 Michelle Road Suite 178,Oscarville,New Jersey,50123,620-57-6144
P0669,Larry Snyder,2025-02-14,M,930 Tina Spur,Jennifershire,Colorado,50101,622-99-8982
P0670,Mitchell Jones,2004-08-15,,4708 Sharp Cape,Bellport,Minnesota,20062,758-43-9355
P0671,Ryan Mcdonald,2014-11-03,Male,5094 White Bridge Suite 856,Lake Shelly,Idaho,59505,114-75-2624
P0672,Peter Spence,2010-06-09,Female,118 Hunt Way Apt. 109,South Mary,Pennsylvania,85613,070-76-4561
P0673,April Peters,2013-06-11,,03276 Alison Key Suite 777,North Joshuashire,New Jersey,18081,715-50-8299
P0674,Tyler Garcia,,M,9646 Tamara Mission Apt. 595,Dominguezshire,Utah,15190,608-22-2447
P0675,Sean Valenzuela,1940-10-29,M,6397 Cross Tunnel,West Brady,New York,47283,109-55-7651
P0676,Sherry Sharp,1981-02-07,,58182 Tracy Parks Suite 874,Hayesbury,Mississippi,81007,638-86-5458
P0677,Elizabeth Herrera,1975-03-23,F,997 Gregory Drive Apt. 193,Lake Normanview,Nevada,84441,592-16-2437
P0678,John Ray,2001-11-12,Female,933 Allen Camp Apt. 138,Hawkinston,Massachusetts,84569,403-68-2173
P0679,Nancy Logan,1975-05-15,,55262 Derek Spring,Kimberlyfort,Kentucky,63422,517-16-1864
P0680,Christopher Garza,2014-11-29,Male,5173 Lauren Dam,North Scott,New Jersey,67437,442-43-0133
P0681,Latoya Hill,2022-08-21,Female,0557 Hardy Tunnel Apt. 743,East Elizabethborough,Maryland,84483,327-27-5731
P0682,Tim Jones,2018-05-18,M,5092 Moore River Suite 803,Vargasstad,New Hampshire,84865,361-54-3055
P0683,Dawn Gonzalez,1938-02-22,Female,670 Nguyen Locks Suite 394,Laurieton,Virginia,09342,017-39-2391
P0684,Penny Watkins,1959-12-04,F,,West Joshua,Pennsylvania,20195,118-01-1750
P0685,Rebecca Wagner,2011-08-20,Female,,Carrville,Indiana,20898,781-81-9605
P0686,Jerome Ashley,1953-01-28,Male,111 Moran Camp Apt. 475,Brownland,Nebraska,38025,862-88-2644
P0687,Eric Everett,1968-06-26,Male,2021 Matthew Glen Suite 922,New Justin,New York,11427,769-57-4033
P0688,Crystal Cruz,1932-12-03,Male,7006 Laura Gateway Apt. 079,Danielborough,Michigan,17994,
P0689,Mark Rojas,2025-03-22,F,22417 Ross Lights,New Matthewview,Texas,11759,542-94-5502
P0690,Corey Craig,1983-08-25,M,0285 Mark Meadows Suite 817,Lake Nathanielfort,Oklahoma,22840,580-08-5394
P0691,Robert Watkins,1947-08-22,,114 Ashley Rest,Williamport,Delaware,37757,008-97-1378
P0692,Jose Cox,,Female,,Valenzuelashire,Illinois,76586,124-37-2760
P0693,Christian Bullock,1946-07-26,,,North Shannonton,Georgia,07269,
P0694,Katie Turner,1966-04-17,,888 Powell Road Suite 818,South Jacob,Rhode Island,16835,254-85-6318
P0695,Michael Avery,1938-05-01,F,4915 Laura Stravenue Apt. 801,East Bryanmouth,Florida,29039,105-46-6597
P0696,Kimberly Jackson,1956-07-28,Female,84022 Foster Lock Suite 132,East Lawrenceview,Hawaii,32186,550-55-7226
P0697,Robin Wells,1928-07-06,M,93987 Erickson Mountains Suite 087,Boyerland,Arizona,59328,667-44-2925
P0698,Sarah Williams,1957-04-17,,051 Hailey Via,Levyberg,Maine,61049,824-18-5647
P0699,Jeffrey Roberts,1933-04-15,Male,,Mcgeeside,Pennsylvania,88438,213-76-2915
P0700,Dr. Paul Ashley,2021-01-19,M,852 Angela Cove,Port Sarah,Oregon,25499,391-83-3141
P0701,Lori Waters,1987-01-02,Female,070 White Wells Apt. 573,New Christinastad,Pennsylvania,31337,073-11-6986
P0702,Leslie Craig,2013-01-19,M,,West John,Virginia,61787,738-08-5672
P0703,John Bond,2013-09-07,Female,,South Timothytown,Washington,73716,565-39-9279
P0704,Kenneth Salazar,1978-11-07,F,,Port Michael,Missouri,66635,427-91-6793
P0705,Benjamin Payne,1926-01-15,,519 Tran Streets Suite 422,Brandimouth,Connecticut,26210,837-25-0567
P0706,Lisa Bell,1937-07-31,M,51109 Jimenez Junctions Apt. 363,Avilatown,Michigan,96704,032-33-1064
P0707,Jonathan Dorsey Jr.,1956-10-08,,67870 Nicole Views Apt. 381,New Christopher,California,69487,836-80-9343
P0708,Heather Valencia,2016-04-23,Female,521 Rebecca Mill Suite 963,Vanceborough,California,11993,314-78-3373
P0709,William Hurst,1997-04-18,,30659 Nunez Burg Apt. 381,East Janetport,Oklahoma,49289,733-12-0614
P0710,Betty Mason,1965-12-05,Female,408 Seth Dale,Teresaland,Nevada,83654,564-61-8732
P0711,Ricky Lee,1933-03-21,Female,997 Jason Crossroad Apt. 434,Scottborough,Maryland,40535,133-14-0711
P0712,Austin Williams,1927-04-24,F,0104 James Freeway Suite 557,Deanfort,Wisconsin,19734,702-88-2096
P0713,Linda Howard,2018-09-20,Male,17618 Espinoza Vista Suite 767,Hardinland,Indiana,66050,492-60-1253
P0714,Daniel Herrera,1997-01-09,M,720 Hunter Fork,West Michaelshire,Kentucky,42324,350-95-8214
P0715,Jordan Calderon,2012-04-16,,341 Victor Prairie Suite 403,West Nancymouth,North Carolina,43945,635-25-9319
P0716,William Walsh,1956-12-05,Female,205 Wilcox Rapid Apt. 392,Millershire,Massachusetts,33486,032-53-3734
P0717,Sarah Mosley,1925-08-17,M,71537 Lopez Spur,Michaelstad,Washington,44616,774-29-5237
P0718,Timothy Atkinson,1985-09-30,Male,7888 Dawn Stream Apt. 100,Chantown,Louisiana,03340,
P0719,Lisa Simpson,1933-09-27,,46175 Medina Bridge,Codytown,Vermont,41215,
P0720,Jennifer Miller,1981-06-05,,2624 Colon Parks Apt. 498,Harrisonville,Alaska,15898,515-60-7639
P0721,Crystal Moore,1987-07-11,F,443 Steven Dale,Marychester,Wyoming,69983,580-79-7912
P0722,Dawn Shepherd,2016-12-07,M,04381 Ramos Ranch,West Richard,Oregon,21583,291-60-0366
P0723,Joseph Garcia,2017-01-14,F,18643 John Via,Sandrafurt,Mississippi,13201,523-16-2721
P0724,Kristopher Merritt,1989-01-27,F,34374 Jessica Drives,Pamelafort,Maine,04214,833-89-5417
P0725,Charles Davis,2012-11-11,Female,11541 Daniel Villages,Lake Derrickfurt,Alabama,64569,105-32-6587
P0726,Christina Bowers,1973-07-16,F,14426 Valdez Gardens,Lisaside,Kentucky,88289,140-41-6954
P0727,Ronnie Rodriguez,2017-10-06,Male,999 Nelson Divide Suite 184,Leonardmouth,Wisconsin,42015,549-20-6578
P0728,Michelle Weber,1932-08-24,Male,9940 Lauren Dale,West Angela,Pennsylvania,30646,846-45-8376
P0729,Daniel Caldwell,2010-01-10,F,288 Matthew Valley Suite 507,New Ginamouth,Indiana,47780,266-38-2155
P0730,Douglas Haynes,1991-06-27,,4449 Baker Radial Apt. 046,Lindsayton,Nevada,01642,396-73-8718
P0731,Tammy Price,1998-11-01,Female,75537 Wheeler Turnpike Suite 460,East Davidview,Alaska,61814,161-47-4150
P0732,Heather Gonzalez,1983-09-10,F,60993 Megan Summit,Taylormouth,Oregon,19286,407-18-5908
P0733,Stephanie Garcia,1989-05-22,Male,16032 Brown Views Apt. 943,Stacieberg,New Jersey,73483,587-46-2545
P0734,Dana Davis,1992-06-11,M,645 Munoz Summit Suite 957,East Shaneborough,Washington,14813,505-91-4717
P0735,Sharon Owen,1984-04-15,,322 Barrera Estates,New Tammie,Montana,87750,133-61-6349
P0736,Jason Cabrera,2021-03-05,,404 Rogers Lakes,North Frankfurt,Iowa,66645,082-16-0261
P0737,Todd Zimmerman,1942-05-05,F,74595 Laura Pine,South Kimberly,Nebraska,64774,
P0738,Mr. Daniel Clark,2019-08-23,Male,37327 Cathy Trail Apt. 151,North Devintown,New York,58306,775-22-1110
P0739,Steven Sims,2019-04-30,Male,653 Jones Knolls Suite 310,Hunterside,Oregon,73826,200-09-9112
P0740,Andre Patrick,1973-08-28,,9337 Horn Forks,East Cherylborough,Louisiana,11725,760-40-8474
P0741,Steven Wang,2017-08-14,F,590 Robert Stravenue Apt. 090,Hernandeztown,Oklahoma,86380,644-62-1400
P0742,Terri Martinez,2004-01-03,,2395 Barton Curve Apt. 315,Shahville,New Jersey,47788,457-80-0485
P0743,Craig Fuentes,1999-06-11,Female,0941 Rogers Extension,Davidbury,Alaska,06671,455-66-8950
P0744,Matthew Black,1990-06-07,Male,8509 Andrews Court Suite 504,Thompsonbury,Montana,54542,637-38-6445
P0745,Christopher Patterson,1970-08-19,Female,142 Kyle Fork,Kathymouth,Arizona,89889,
P0746,Deanna Morales,1938-11-29,F,,Mcdowellview,Texas,25847,303-78-3297
P0747,Sue Rodriguez,2021-10-08,F,4078 Elliott Street Suite 857,Christineland,Arkansas,52312,
P0748,Teresa Ellis,1945-01-22,M,1879 Denise Mission Suite 377,North Tammyview,Oregon,28388,864-15-7065
P0749,Heather Santiago,1995-06-17,Female,3780 Alexander Highway,South Courtneyborough,Missouri,45663,070-66-7325
P0750,Richard White,1983-04-16,,32735 Wilson Lakes,Vanceburgh,California,20725,874-32-0080
P0751,Richard Ellis,1993-05-03,Male,153 Janice Falls Suite 660,New Ambertown,Michigan,64871,831-69-3488
P0752,Larry Wolfe,1952-06-14,,41365 David Passage,Ryanside,Louisiana,81311,696-78-7272
P0753,Rebekah Velasquez,1928-03-27,Male,60074 Garcia Harbors Apt. 370,Port Joshuashire,Colorado,96127,889-85-7999
P0754,Stephanie Campbell MD,1984-01-18,Female,638 Kim Well,West Patriciafort,Maryland,01315,757-42-4178
P0755,Sandra Kim,1941-01-27,Female,8741 Jackson Parkways,Nicoleland,Kentucky,14765,744-94-9902
P0756,Julie Barnes,2020-12-11,Female,921 Derek Station Apt. 998,North Lee,Alaska,02375,473-90-2014
P0757,Wayne Stanley,1925-05-24,,484 Barnes Underpass Suite 154,Lake Stephaniefurt,Missouri,01427,304-41-6844
P0758,Sara Ray,1937-11-30,Female,457 Vasquez Turnpike Suite 657,Cruzview,New Mexico,52149,048-72-5781
P0759,Jonathan Mclaughlin,1971-01-11,F,645 House Cliffs,Coxport,Oregon,82185,551-67-8112
P0760,Leslie Mason,,Male,5442 Adam Club,Heatherchester,Rhode Island,22805,610-69-7659
P0761,Crystal Fox,2017-10-13,,06724 Valencia Meadows Apt. 903,Port Michelle,Kentucky,32898,057-25-1458
P0762,Cheryl Knight,,Male,01118 Barnett Locks,Johnside,Massachusetts,45476,536-64-5240
P0763,Michael Kelly,2001-12-27,Male,51436 Mayer Key Suite 835,South Susanside,Illinois,85719,514-59-1459
P0764,Erin Novak,1982-03-19,M,38958 Beck Cliff Suite 825,Mckeeville,Rhode Island,81074,768-75-1817
P0765,Sydney Reynolds,1960-05-16,Female,476 Brittany Lock Suite 268,Maryfort,Pennsylvania,60476,196-56-7888
P0766,Sara Tanner,1931-02-04,,27190 Chase Streets,Port Albert,Ohio,87062,
P0767,Brian Anderson,,F,190 Nolan Street Suite 244,Barkerberg,Arizona,12802,401-44-6964
P0768,Mark Young,1953-05-08,M,82432 Anderson Garden Apt. 403,Lake Troymouth,Rhode Island,99685,540-37-1074
P0769,Stephanie Brown,1963-01-03,M,50745 Kathleen Summit Apt. 328,Port Breannashire,Rhode Island,61532,026-18-4342
P0770,Eric French,1936-03-10,F,077 Elizabeth Extensions,Lake Mark,Vermont,32158,133-97-8012
P0771,Marvin Burns,1972-09-27,Male,7617 Scott Mountains Apt. 554,West Taylorville,Idaho,51571,417-55-1733
P0772,Michael Carpenter,2003-01-08,Male,427 Marisa Cliff,Brianville,Indiana,33882,851-29-4089
P0773,Jessica Kennedy,2025-04-23,M,,Williamport,New Hampshire,62518,194-28-9257
P0774,Carlos Hancock,1930-05-21,Male,,South Samantha,Vermont,79211,113-19-7236
P0775,David Terry,1973-10-31,F,1421 Robert Spring Apt. 206,Carlyton,Alabama,94498,283-33-3107
P0776,Shawn Long,1963-12-18,M,29691 Hernandez Spurs Apt. 072,South Raymond,North Carolina,31824,327-21-7567
P0777,Sarah Hunter,1985-03-08,Female,710 Jacob Terrace Suite 300,New Bradleyton,Texas,55943,217-82-2303
P0778,Nicholas Coleman,1989-03-29,Female,,Dyerport,Montana,48955,565-53-1976
P0779,Juan Parker,1987-06-06,M,44633 Jennifer Viaduct,Gomezchester,North Dakota,37862,843-99-1066
P0780,Paul Navarro,1969-10-14,F,5735 Lisa Passage,Danielfort,Montana,75065,691-50-5882
P0781,Kylie Gentry,1980-01-23,M,0033 Manning Drives Apt. 964,Danaland,Alabama,74419,164-24-2096
P0782,Nicholas Morgan,1989-10-19,F,372 Todd Loop Apt. 414,South Kurt,Arkansas,24734,634-61-0758
P0783,Connie Tucker,1948-10-31,Female,09352 Stafford Skyway,New Eric,Rhode Island,84119,379-05-1425
P0784,Megan Raymond,1966-01-27,Male,84076 Gonzalez Center Suite 834,Powelltown,Arkansas,57950,518-20-5091
P0785,Jeffrey Myers,2007-03-03,F,836 Erin Port Suite 386,Lake Julia,Washington,02650,543-42-5496
P0786,Felicia Schultz,1946-12-16,Male,,Sparksfurt,Missouri,74630,769-19-3453
P0787,Paula Murphy,2024-06-06,,3468 Thomas Centers,Taylorborough,Wyoming,88577,697-31-4151
P0788,Sheri Spence,1981-02-13,M,05149 Miller Causeway Suite 862,Toddhaven,Vermont,68891,483-79-2776
P0789,David Shannon,1959-02-28,,95186 Butler Corners,Lake Kevin,Arkansas,74090,554-30-3856
P0790,Kimberly Stephens,1940-12-27,Male,347 Richards Unions Apt. 377,Lake Tara,Oklahoma,00810,094-87-2585
P0791,Robert Jones,1953-09-30,Male,,New Kathyburgh,Alaska,01274,643-20-3940
P0792,Helen Robinson,1950-12-30,Female,3140 Christopher Oval,East Johnside,Rhode Island,56396,496-24-0573
P0793,Catherine Bailey,1926-12-14,F,77569 Alan Avenue,Lake Bonnieland,New Jersey,49812,890-44-3483
P0794,Carrie Carter,1966-07-09,,3871 Gentry Island,Jenniferport,Nevada,81609,119-15-7622
P0795,Amy Baldwin,,M,27282 Megan Center Apt. 938,Port Mollyborough,Maine,82696,731-73-1869
P0796,Daniel Wilson,,Female,59324 Amy Dam,Jacobmouth,Missouri,21495,370-19-0704
P0797,Anita Rodriguez,1983-11-28,F,542 Gary Lights Suite 011,Griffinville,Delaware,57256,480-95-8799
P0798,Chad Harper,1948-11-28,F,53864 Ryan Fort Apt. 220,Christophermouth,Indiana,84480,878-03-4636
P0799,Alexandra Conner,1935-01-15,,05075 Smith Green Suite 284,Hickmanmouth,Arkansas,30999,801-64-8261
P0800,Jesse Vasquez,2024-05-09,F,307 Nelson Hill,West Sarahbury,Massachusetts,43449,736-01-1380
P0801,Mr. Christopher Davidson DVM,1957-06-19,Female,290 Melanie Plaza,East Alex,Connecticut,12296,770-21-1036
P0802,Dawn Simmons,1951-01-29,,019 Michael Fall Suite 065,North Emilyview,New Mexico,10677,737-12-7552
P0803,James Fernandez,1984-05-09,,863 Frank Turnpike Suite 079,West Cynthiaside,Utah,11019,
P0804,Kimberly Sandoval,1940-11-15,Male,14567 Marshall Mall,New Michelleberg,Louisiana,74490,409-95-0475
P0805,Andrew Hernandez,1937-05-07,F,4517 Chang Canyon Apt. 238,West Janestad,Iowa,40521,463-65-2657
P0806,Matthew Morris,1950-04-13,Male,95928 Warren Point,Bowersstad,Virginia,66303,511-23-7514
P0807,Lisa Walter,1950-05-12,F,570 Holly Glens,Port Cherylshire,North Carolina,53045,682-55-3203
P0808,Rebecca Parker,1976-10-03,M,442 Wright Point Apt. 565,Lake John,California,72993,751-71-6821
P0809,Jennifer Mccormick,1945-08-23,Male,,Wrightbury,Kansas,41361,004-50-2590
P0810,Brian Coleman,1957-12-08,M,14215 Norris Glens Suite 263,Jacksonhaven,Oklahoma,55497,187-28-3195
P0811,Andrew Hill,1973-12-28,Male,,Laurenville,West Virginia,86013,314-27-4439
P0812,Taylor Miller,1938-10-21,,4944 Woods Heights Apt. 188,Haydenport,Missouri,31648,518-15-6015
P0813,Marcus Martinez,1979-12-28,Female,9246 Thompson Ranch Suite 247,West Jason,South Carolina,81545,541-64-6139
P0814,Laura Wilson,1957-02-14,M,75145 Laura Forges,Timothyshire,Idaho,90595,241-07-5565
P0815,Robin Grant,1959-11-16,Female,310 Donald Lodge Suite 378,Caseport,Indiana,98120,049-82-1164
P0816,Lynn Smith,1981-09-27,Female,06963 Gentry Rest Apt. 218,Harperton,Missouri,44825,010-55-1271
P0817,Deborah Miller,2003-08-05,,,North Danielburgh,Massachusetts,00792,143-94-3130
P0818,Andrew Browning,1931-08-26,F,2898 Mccormick Wall,Lake Dennis,Idaho,08375,568-51-1310
P0819,Michael Kelley,1943-09-02,,79669 Wagner Green Apt. 001,Christopherview,Florida,34237,402-02-7794
P0820,John Wright,1997-01-20,F,59528 Singh Station Suite 757,Lewisfort,Vermont,80298,516-22-9717
P0821,Gerald Porter,2002-09-15,Female,,Kellerside,Indiana,51612,455-56-0260
P0822,Nathan Garcia,1974-09-11,F,481 Smith Harbors,New Brian,Kansas,45196,828-56-0417
P0823,Kiara Saunders,2010-08-02,M,660 Lewis Inlet Suite 607,Meganburgh,Colorado,07964,091-65-4768
P0824,Christopher Taylor,1966-10-12,Female,80245 Brown Keys Apt. 565,West Eric,Louisiana,84506,251-61-7425
P0825,Theresa Rivera,1985-05-08,M,557 Todd Wall Suite 852,Charlesburgh,Michigan,98080,565-38-6870
P0826,Kevin Bowman,1935-09-05,Female,2279 Christine Port Suite 523,Crawfordshire,Oregon,81314,
P0827,Antonio Walker,1994-11-04,,0700 Malone Junctions Apt. 242,Elliottmouth,New Mexico,42465,227-89-8903
P0828,Michael Harris,,Female,3529 Butler Inlet Apt. 620,Brianstad,Georgia,03439,408-32-3351
P0829,Jason Jones,2005-12-23,M,737 Adrienne Run Suite 593,Lake William,Maine,13924,729-79-1081
P0830,Dr. Robert Williams,1957-11-07,Male,308 Carter Corners,Johnchester,Arkansas,87659,186-87-0261
P0831,Tamara Miller,1988-08-11,Male,210 Sarah Oval,Jimenezmouth,New Jersey,60128,246-54-5605
P0832,Joy Collins,1971-12-03,Female,9034 Christina Valley Suite 351,North Donaldborough,Oregon,41806,381-27-3851
P0833,Kimberly Dennis,,,33135 Larry Shoal,Matthewtown,New Jersey,03494,147-49-4103
P0834,Charles Flynn,1926-05-31,Female,4151 Torres Parkways Suite 621,Haleyside,Kansas,96807,262-85-2226
P0835,Shawn Snow,,Female,02940 Knight Views Suite 252,East Jeremystad,North Carolina,81766,212-59-7571
P0836,Caitlyn Payne,1997-07-26,Male,891 Greer Knolls Apt. 659,Lake Jasmineshire,Louisiana,41600,857-51-4804
P0837,Mrs. Patricia Thomas DVM,1925-04-13,M,1524 Tiffany Wells,Simpsonstad,Michigan,34009,506-02-1133
P0838,Julie Freeman,2018-01-17,M,14670 Rodney Divide Suite 028,North Laurenport,Texas,10556,473-62-0532
P0839,Kathleen Nelson,,M,31613 Smith Oval Apt. 164,Timothyburgh,New York,45761,
P0840,Christopher Shaw,2015-03-17,F,86785 Susan Springs,South Rebeccafurt,North Dakota,67097,072-45-5875
P0841,Ashley Nguyen,1981-01-29,F,66894 Ariel Manor Apt. 646,West Ashleystad,Massachusetts,16153,713-53-1910
P0842,Andrea Clark,1969-12-19,Female,22451 Nathaniel Rest Suite 192,East Daniellechester,Oregon,59620,866-95-5111
P0843,Olivia Wiley,2003-05-19,,487 Stevenson Corner Suite 305,South Courtney,Kentucky,93381,
P0844,Kenneth Rivas,1949-05-31,M,9164 Jimmy Crest,South Juan,Pennsylvania,94674,785-02-1813
P0845,Damon Rodriguez DDS,2002-02-23,M,70855 Lisa Avenue Suite 223,South Jacobchester,New Mexico,27512,657-95-5781
P0846,James Oliver IV,2007-03-24,Male,04003 Taylor Brook Apt. 248,Lake Sean,Vermont,50431,
P0847,Riley Anderson,2023-02-06,Male,6118 Alexander Gardens,Lake Meganshire,Michigan,66767,683-53-2274
P0848,Kristina Gonzalez,2012-11-12,Female,112 Steven Underpass,Port Sheilafurt,Nevada,50955,403-30-6428
P0849,Teresa Torres,1948-04-27,Male,326 Perkins Harbors,Alejandroborough,Utah,64901,626-07-2835
P0850,Lindsay Travis,1928-09-05,M,5353 Donna Drives,Jodiberg,Vermont,59249,706-43-6793
P0851,Brett Welch,1930-12-08,Female,56878 Stephen Cliff,Lake Michele,Montana,43723,156-37-4786
P0852,Lindsey Mason,1946-04-02,,820 Mark Harbor,Alexanderchester,Louisiana,75781,092-32-6553
P0853,Jennifer Bell,1980-10-24,Male,82261 Douglas Station Apt. 294,Bettyport,Illinois,88437,873-96-4195
P0854,Erica Castillo,,Female,1388 Cooper Junctions Apt. 091,Brookefurt,West Virginia,58644,528-25-2321
P0855,Kristy Curtis,2025-05-12,Male,,Susanshire,Wisconsin,25177,393-02-1918
P0856,Dominique Moore,1987-01-15,F,,South Patrickside,Wyoming,43385,688-30-6714
P0857,Joseph Nichols,1984-02-20,Female,20338 Sherry Estate,Port Robinchester,Montana,62987,439-29-7257
P0858,Alan Lucas,1954-11-26,Female,8365 Webb Mount Apt. 905,Hopkinsmouth,New York,38118,860-25-9650
P0859,John Stewart,1977-09-15,Male,93164 Brittany Summit Suite 468,Francisbury,Virginia,87150,052-97-5797
P0860,Kathryn Ferguson,1932-05-22,Female,3129 Roberto Manor,West Joseph,New York,67136,050-88-0536
P0861,Kelli Torres,1936-10-23,Male,1597 Blake Cliffs Apt. 073,Jonathanmouth,Wisconsin,93443,238-81-5064
P0862,Diane Richard,2002-05-22,M,089 Garcia Coves,Staceyfurt,New York,09372,537-29-2351
P0863,Tyler Bell,1941-08-10,F,251 Christopher Prairie Apt. 359,Michelletown,Oregon,39010,171-85-9461
P0864,Roger Edwards,1985-07-08,Male,323 Shelton Mountain,Phelpston,South Dakota,51257,852-22-8579
P0865,Erica Cowan,1934-02-23,,0399 Pierce Place,Mitchellborough,Alaska,69713,103-66-3221
P0866,Christopher Avila,2014-12-01,M,970 Paul Light,New Garrett,Alabama,62356,126-45-5062
P0867,Kristen Wilson,1954-11-12,F,78605 Calderon Lodge,Snydershire,Florida,92820,802-86-9154
P0868,Brandy Johnson,1955-06-19,M,,East Alyssamouth,Massachusetts,57891,277-05-5858
P0869,Nicole Lopez,2016-12-19,,60677 Rodriguez Well,West Katherine,New Mexico,87321,180-49-5303
P0870,Spencer Brown,1979-08-01,Female,674 Davis Summit Suite 537,Kathystad,New Hampshire,94764,308-39-8491
P0871,Victoria Morris,2022-07-06,,990 Lisa Lakes Apt. 115,Alvarezbury,Iowa,71731,886-45-1222
P0872,Jeffrey Fitzgerald,1991-10-10,Male,506 Tara Plains,New Jill,California,76901,229-34-7110
P0873,Antonio Malone,1968-01-14,Female,34563 Melissa Tunnel Apt. 349,Devonmouth,New Hampshire,07526,348-10-5191
P0874,Shelly Sharp,1996-09-03,Female,3880 Linda Grove,South Christopher,Delaware,87676,538-96-6385
P0875,Michelle Watts,2010-06-26,M,747 Cummings Falls Apt. 703,Deniseview,New Mexico,73936,776-57-3038
P0876,Brendan Ritter,1950-03-25,F,229 Davis Underpass,Lake Jeffrey,North Carolina,99285,714-01-6419
P0877,David Riley,2024-02-25,Female,545 Ramirez Ville,West Amber,North Dakota,31831,088-34-0059
P0878,David Morales,1928-04-15,,82673 Contreras Ways,West Tonyashire,Wisconsin,72153,390-47-7259
P0879,Ronald Gordon,2021-08-16,M,213 Kimberly Underpass Suite 086,Port Amber,Ohio,41622,396-38-3446
P0880,James Jennings,1995-10-10,Male,09258 Thompson Rapid,Randallborough,Montana,27939,080-51-3316
P0881,Samuel Carter,1930-03-06,M,2628 Joe Fords,Collinston,North Carolina,37723,
P0882,Mary Campbell,1935-06-20,Female,3430 Sherri Circle,South Robertfurt,Nevada,23952,770-19-8588
P0883,Russell Torres,1963-12-18,F,579 Hernandez Ports,Charlesville,South Dakota,00741,524-40-8636
P0884,Andrew Simon,1980-11-25,Female,026 Kenneth Ramp,Lake Daltonview,South Carolina,87024,344-26-8375
P0885,Lori Stout,2022-05-05,Male,,Vanceberg,Maryland,36867,
P0886,Alexander Price,1991-05-21,Female,7321 Bailey Well Apt. 423,West Joseph,Kentucky,02334,472-10-1109
P0887,Alexis Marshall,1947-10-29,F,23050 Hamilton Court Suite 853,Lake James,Delaware,65986,783-11-4174
P0888,Philip Kelly,2024-08-02,,98249 Eric View,New Susan,Oklahoma,09967,366-84-2966
P0889,Kevin Kidd,1972-09-08,F,76801 Robert Meadows,West Tammie,Massachusetts,07978,489-95-3736
P0890,Mrs. Nicole Greene,,M,430 Loretta Spurs,West Brandon,Wisconsin,22571,499-33-9837
P0891,Christian Mcpherson,2000-11-07,Female,440 Timothy Lock,Jonathanshire,Pennsylvania,35368,159-94-9211
P0892,Nancy Smith,1955-01-26,Male,641 Hawkins Shoal,Port David,Tennessee,06636,528-41-0334
P0893,Anthony Gallegos,2015-10-24,,159 Mary Crest Apt. 377,North Brian,Arkansas,63848,260-37-4214
P0894,Michael Bradley,,Female,1740 James Glens,Prestonhaven,Vermont,36813,543-51-5400
P0895,Katelyn Clark,1964-06-17,M,666 Scott Forges Suite 604,Bakerberg,Alabama,73682,109-70-0026
P0896,Jose Clark,2011-07-03,Female,2894 Kevin Prairie,Port Michael,Montana,02888,141-51-9957
P0897,Erin Mccann,1975-04-23,Male,668 Valentine Center,Lake Joy,Nevada,26230,410-61-8573
P0898,Ethan Green,2012-08-09,F,53764 Chelsea Passage,Port Christina,Alabama,27920,640-98-5864
P0899,Jacob Yang,1978-07-12,F,853 Carol Points,Hobbsport,Virginia,04458,096-11-4161
P0900,Lindsey Houston,1965-12-06,M,4737 Johnson Trace Apt. 967,New Kylefurt,Michigan,75862,491-58-3818
P0901,Anna Noble,2014-10-03,Male,405 Harris Locks,North Apriltown,Maine,14854,723-87-8142
P0902,Emily Weber,1962-04-21,Female,72188 Stanley Unions,Lake Jennifershire,Pennsylvania,13721,397-41-8296
P0903,David Wright,1934-01-09,F,48578 Cole Creek,South Mark,New Mexico,91496,164-71-1093
P0904,Briana Carrillo,1940-06-29,Male,8988 Buck Expressway,Barbarashire,California,82358,415-04-8681
P0905,Nathan Bailey,2000-09-23,F,3730 Lewis Mall Apt. 185,Arianafort,Alaska,65126,842-16-7131
P0906,Sandra Scott,2021-02-08,Male,4000 Johnson Mills,Robertberg,Kansas,16627,053-94-6928
P0907,Reginald Wallace,2007-02-16,,96822 Curry Inlet Apt. 734,Wandafort,Oregon,97605,614-20-6142
P0908,Samuel Gillespie,1989-11-12,M,6547 Hicks Village,Huffbury,Texas,63981,069-08-5286
P0909,Kevin Dominguez,1972-09-27,M,7718 Lee Locks,Port Cynthiafort,Maine,29913,718-03-4214
P0910,Tim Bell,1932-06-28,,1316 Bradford Mountain,Dylantown,New Hampshire,14984,160-58-9432
P0911,Nancy Harrison MD,1953-06-19,Male,64272 Grace Fords Apt. 767,Taylorburgh,New Hampshire,05042,148-95-5698
P0912,Trevor Foster,1956-01-27,,8464 Martinez Manor,Port Justinmouth,North Carolina,21154,670-06-3346
P0913,Alex Steele,1939-02-09,F,502 Kent Freeway Suite 097,North Michelle,Georgia,88583,057-92-7078
P0914,Jeffrey Cordova,1963-06-21,Female,,West Jimmyburgh,Louisiana,21049,643-84-1867
P0915,Jennifer Cunningham,1954-08-04,Male,28617 Michael Cliff Apt. 805,Walkerville,Iowa,50067,795-57-9141
P0916,Susan Castro,1964-11-05,M,5261 Wilson Mill Apt. 557,West Tamaraburgh,South Carolina,49453,037-72-6529
P0917,Stacy Adams,1937-01-30,M,59989 Rios Island,Carlsonfurt,Kansas,41610,442-04-0574
P0918,Cody Wade,1933-01-15,,79751 Thomas Pike Suite 953,Port Tiffanymouth,Illinois,35512,784-33-5477
P0919,Alicia Jones,1991-07-05,M,213 Butler Corners Suite 461,Edgarchester,Wyoming,44460,255-20-2313
P0920,Michael Green,1985-09-04,M,810 Joseph Spurs,East Brandimouth,California,81165,572-69-4465
P0921,Ryan Burke,2014-01-27,,74812 Robertson Oval Apt. 008,West Zacharyshire,Rhode Island,02063,338-84-8321
P0922,Bryan Smith,1953-12-17,,050 Heather Causeway Suite 635,Patrickshire,Pennsylvania,05486,650-24-1732
P0923,Zoe Davis,2019-12-22,F,460 Susan Club Apt. 467,Parsonsberg,North Carolina,15541,153-91-5681
P0924,Sharon Sanders,1946-01-28,Female,4988 Richards Spurs,Carolburgh,Missouri,01090,883-75-2436
P0925,Danny Ramsey,1959-10-29,Male,,Woodstad,New York,94274,893-16-6875
P0926,John Valencia,1994-03-15,M,04995 Kevin Parkway,Robertsville,Montana,35978,361-06-8657
P0927,Shawn Mccarthy,2001-03-05,F,22307 Victoria Stream Suite 641,South Corey,Indiana,88253,888-73-5965
P0928,Tara Cox,1958-09-05,Female,,Amyville,North Carolina,98263,014-89-5291
P0929,Christina Sanchez,1929-05-25,M,4427 Cunningham Pass,New Georgechester,South Carolina,50711,382-49-3214
P0930,Matthew Harper,1943-10-25,F,,Grahamburgh,Florida,31957,425-69-3866
P0931,Christopher Peterson,1959-02-03,Male,399 Sanford Roads,Conleyton,Hawaii,18091,527-03-1441
P0932,Kathleen Gregory,1928-02-13,M,94502 Guerrero Ports Suite 473,Elizabethview,Connecticut,84719,289-90-4043
P0933,Amanda Robinson,1956-11-30,,667 Pamela Manors,Moyerview,New Mexico,63686,662-82-2225
P0934,Michelle Davis,2014-07-23,M,0838 Wright Mountain,South Andrew,Colorado,84703,560-58-7681
P0935,Rachel Mullins,2012-03-04,F,42253 Shelley Curve,West David,Wisconsin,65059,489-58-2974
P0936,David Griffin,1970-08-17,Male,18852 Cory Haven,Ryanton,Iowa,93689,388-25-8704
P0937,Ronald Dawson,1997-03-09,,842 Katherine Underpass Suite 759,West Elizabeth,Rhode Island,41274,458-97-7780
P0938,James Miles,2022-10-12,F,928 Allen Rue,East Vickimouth,Maryland,53886,084-54-7770
P0939,Donna Reese,1985-01-21,Female,189 Lewis Mall Apt. 395,Kimberlymouth,Pennsylvania,18204,722-09-1881
P0940,Gabriela Kim,1955-09-26,Male,,Susanton,Colorado,81604,288-59-3503
P0941,Kenneth Taylor DDS,1993-03-26,,4997 Hudson Station Suite 822,North Andreaville,Alaska,04453,100-96-4187
P0942,Robert Contreras,2005-08-12,F,2515 Morris Junctions,West Michelleton,Oregon,92157,408-57-1609
P0943,Rachel Ritter,1926-05-21,,45872 Moore Extensions,Hodgeport,Washington,91237,604-51-6940
P0944,Matthew Harvey,1994-09-29,F,51719 Moore Isle,East Deniseview,Indiana,31304,336-30-7079
P0945,Michael Frazier,1992-03-20,Female,42658 Morris Ford Apt. 049,Greeneview,Alabama,62145,489-10-2988
P0946,Amanda Kramer,1936-02-04,F,4666 Wall Groves,Hernandezland,New Jersey,16191,769-22-4749
P0947,Isabella Henderson,2013-10-26,,032 Sherman Loaf,Jenniferstad,Massachusetts,70233,457-94-6222
P0948,Francisco Smith DVM,1937-03-21,Male,728 Denise Hills,Randallview,Washington,54921,768-87-1180
P0949,James Green,2019-06-07,F,631 Thompson Mill,Prestonport,Kentucky,29725,595-98-0627
P0950,Amy Jacobs,1970-05-01,Male,3006 Peter Station Apt. 051,Greenmouth,North Carolina,61098,892-95-0909
P0951,Sara Mason,1936-10-13,Female,,Lake Destiny,Wisconsin,99295,201-89-7806
P0952,Wendy Welch,2006-09-24,Female,2729 Carpenter Plains Suite 777,West Michaelhaven,Pennsylvania,77148,732-99-0606
P0953,William Steele,2006-11-03,Male,,Lynchville,Massachusetts,38831,721-71-3000
P0954,Teresa Smith,2013-11-16,Male,331 Tina Lock,South Lisa,Nebraska,03084,161-09-4092
P0955,Joshua Nichols,1934-10-15,Female,7129 Alicia Extensions Suite 195,Mullinsfort,Nevada,87851,374-44-9142
P0956,Brittney Schwartz,1973-09-06,F,858 Barnett Ways,Leeberg,Wyoming,19878,561-92-2906
P0957,Courtney Young,1944-01-15,M,971 Barber Fields Suite 964,Hardingchester,North Dakota,87557,318-95-8173
P0958,Donald Ward,1929-01-30,,283 Katherine Crossing Suite 088,New Timothyfurt,West Virginia,41198,839-45-0419
P0959,Gina Rodriguez,,Female,8010 Tucker Overpass,Jonchester,Colorado,77606,218-58-8707
P0960,Monica Blevins,1975-10-12,Male,4653 Jesus Viaduct,Ramosshire,Nebraska,30499,204-62-9457
P0961,Brittany Mcguire,2018-09-18,M,81915 Howard Oval Suite 387,West Valerie,Arkansas,42854,169-15-9836
P0962,Francisco Schultz,1958-11-04,Male,60979 Martin Club Suite 597,Youngchester,Missouri,02607,586-69-5196
P0963,Lisa Davis,1965-01-15,Male,366 Harris Mill Suite 874,Rebeccastad,New Hampshire,15766,251-15-8770
P0964,Dennis Rubio,2022-11-06,F,63952 Mendoza Neck Suite 743,Bowmanland,Georgia,29633,520-36-8442
P0965,Jacob Orr,1934-05-17,Female,987 Brooks Ramp,East Jessica,Rhode Island,05808,655-04-0979
P0966,Adam Mitchell,2025-02-11,Male,3658 Mitchell Islands,New Jeffreyport,Idaho,38570,419-17-7690
P0967,Chad Bishop,1958-02-02,F,5335 Nancy Land,Edwardsshire,Texas,71502,021-74-6488
P0968,Mrs. Charlene Padilla DDS,1924-06-28,Male,757 Kimberly Turnpike Suite 376,North Brianna,New Mexico,60224,225-75-8446
P0969,Sharon Bruce,1980-07-16,F,797 Spears Branch,Lake Dawnview,Mississippi,87239,048-57-2302
P0970,Brooke Lynch,2023-09-28,Male,107 Jennifer Spurs,South Michael,New Hampshire,68238,163-45-4746
P0971,Alan Howell,2015-10-06,,567 Carlos Mills,Jamesside,Wyoming,95540,
P0972,Jessica Ramirez,2011-03-30,Female,198 Lambert Parkways Suite 075,Kathyside,Alabama,48285,201-95-6421
P0973,Mark Thomas,1995-06-19,,,Port Christine,Mississippi,04857,788-59-0394
P0974,Robert Christian,1980-02-09,,2128 Lonnie Plaza Apt. 870,South Michelle,North Dakota,44226,
P0975,Keith Olsen,1945-08-27,Male,9241 Thomas Neck,North Monica,Nevada,90742,197-73-0580
P0976,Kendra Schmidt,1929-01-06,M,483 Osborne Track Apt. 672,New Ralph,Michigan,87887,424-06-6539
P0977,Jacob Villa,2001-04-03,M,3541 Lucas Summit Suite 725,West Benjaminmouth,Vermont,98642,546-84-8228
P0978,Allison Fernandez,1968-01-20,M,723 Washington Highway Suite 720,East Keithville,Alaska,38021,088-48-0972
P0979,Nancy Mayer,1965-09-17,F,66081 Miranda View,North Matthewstad,South Dakota,50623,448-12-3785
P0980,Alice Hill,2014-10-15,Male,00458 Johnson Row Apt. 270,Sawyershire,South Carolina,89862,039-84-6299
P0981,Richard Hanson,1969-09-01,F,580 Kristina Lock Apt. 836,Tonyburgh,Maryland,48056,334-99-8356
P0982,Anne Johnson,2023-10-09,Male,51424 Lucas Well,Moralesbury,Texas,80123,037-99-0666
P0983,Debbie Lewis,2021-02-12,Female,8867 Megan Cove,Alejandroshire,Missouri,14852,757-57-0835
P0984,Kathryn West,1934-06-26,,98166 Jeffrey Brook Apt. 846,Lake Henryville,Mississippi,07663,
P0985,David Green,1980-02-15,Female,57312 Robinson Coves Apt. 769,Fosterburgh,Wisconsin,77047,364-64-9575
P0986,Katherine Cox,2000-01-24,Male,989 Wilson Fort,North Katherine,Wyoming,65517,097-55-0604
P0987,Carrie Pace,1935-09-15,,7165 Melanie Greens Apt. 526,Justinstad,Utah,86955,513-95-2351
P0988,Rebecca Rodgers,1963-05-18,,1913 Grant Glens Suite 620,Port Amy,Illinois,58728,253-77-6426
P0989,Nancy Edwards,1948-02-09,F,607 Keller Crest Suite 644,Port Georgeville,Illinois,46678,196-37-2539
P0990,Glenn Miller,1951-05-09,M,2138 Mcmillan Wall,Melvintown,Oregon,87927,361-35-2172
P0991,Lori Mejia,1989-12-22,Male,56880 Holland Pine Apt. 072,Jonesfurt,Illinois,27439,315-05-3021
P0992,Christy Moreno,1938-10-24,F,67273 Eric Lodge,South Sergio,Washington,56802,450-38-7118
P0993,Gabriela Hunter,1993-09-17,F,468 Bowman Mount,Brandyberg,Oregon,38450,
P0994,Leroy Cobb,1951-11-14,Female,5726 Wagner Station Apt. 536,Merritthaven,Indiana,24975,033-25-1240
P0995,Steven Dawson,,F,77905 Kevin Fords,East James,Tennessee,42299,815-86-1571
P0996,Ashley Powell,1998-01-17,F,36280 Monica Forges,Stephanieland,Delaware,46849,283-86-3949
P0997,Kimberly Davis,1990-06-11,F,1591 Emily Trail,Smithchester,Idaho,31392,733-49-5788
P0998,James Sampson,1980-05-01,F,47892 Sarah Junction,Lake Kimberlyberg,Nevada,84547,102-32-5528
P0999,Jason Brown,1996-07-10,,15799 Leblanc Brook Suite 298,North Annefort,Tennessee,46876,189-55-8700
P1000,Timothy Williams,1997-01-27,F,8168 Daniel Canyon,Mckayfort,Illinois,07567,539-88-7429
