song_id,song_title,artist_id,genre,duration_sec
1,Song VGFGM,51,Rock,256
2,Song M27O1,12,EDM,234
3,Song TG15X,12,Rock,163
4,Song F7DUG,51,Pop,123
5,Song ZPGYB,39,Indie,222
6,Song J3M48,1,Romantic,230
7,Song GRKBZ,13,Rock,132
8,Song 1UI1T,48,Classical,154
9,Song KQDVN,11,Pop,297
10,Song PATQX,3,Romantic,222
11,Song O703B,18,Indie,153
12,Song KZZMA,26,Romantic,178
13,Song GJD3X,30,Hip-Hop,292
14,Song H5HOA,8,EDM,192
15,Song DPEHD,46,Romantic,190
16,Song 3E0QQ,58,Indie,253
17,Song RP7B4,24,Hip-Hop,184
18,Song KWBJP,39,Rock,241
19,Song 4DTAD,21,Bollywood,278
20,Song UGZBG,40,Hip-Hop,233
21,Song JJ1GJ,20,Indie,205
22,Song H3UQ1,51,Pop,162
23,Song 51NI4,23,Classical,227
24,Song UKQHP,36,EDM,136
25,Song A8VI5,42,Romantic,243
26,Song 7GOKL,48,Pop,128
27,Song 2RCYB,38,Bollywood,285
28,Song ODHS6,41,EDM,190
29,Song QONTQ,14,Romantic,226
30,Song 64E51,17,Indie,261
31,Song 38CX5,60,Rock,252
32,Song 30U7F,24,Bollywood,298
33,Song UD1LB,11,Bollywood,286
34,Song 4NKIO,54,Indie,128
35,Song 6IIJP,22,Hip-Hop,174
36,Song OXXAO,2,Rock,260
37,Song E0P5R,60,EDM,140
38,Song ASSSL,40,Romantic,293
39,Song 3BQHO,39,EDM,294
40,Song GSW41,53,Indie,126
41,Song 42W44,48,EDM,266
42,Song FEQJ4,9,Indie,299
43,Song C5YPO,49,Hip-Hop,167
44,Song CC1U8,54,Pop,241
45,Song 7UG44,13,Rock,292
46,Song 37RUP,37,Romantic,172
47,Song 2QQ6A,50,Indie,198
48,Song JOKBZ,40,Hip-Hop,142
49,Song 18K9V,44,Pop,148
50,Song MU9Q9,19,Classical,136
51,Song MTGN9,40,Classical,189
52,Song US1XI,15,Pop,298
53,Song 2Y3C0,10,Rock,226
54,Song S7NNX,31,Hip-Hop,293
55,Song MXU16,8,Pop,146
56,Song XJ17X,25,Rock,204
57,Song HQBR7,1,Classical,225
58,Song KQBBW,41,Pop,252
59,Song 68CFF,41,Classical,273
60,Song TX134,27,Romantic,127
61,Song 4QSX8,43,Classical,284
62,Song QJCTP,42,Rock,273
63,Song 64GRO,57,Pop,262
64,Song T4IEC,3,Classical,227
65,Song Y5KH2,13,Indie,281
66,Song GJ9Y5,42,Pop,140
67,Song A037F,12,Classical,288
68,Song NOAD7,57,Hip-Hop,237
69,Song IG6UO,24,Pop,183
70,Song N1A7K,40,Indie,201
71,Song 46LMI,9,Indie,185
72,Song 1Z322,33,EDM,293
73,Song 853J5,2,Classical,150
74,Song 5U9IN,23,Indie,225
75,Song 98IBO,10,Bollywood,274
76,Song WTKCN,50,EDM,265
77,Song R656E,53,Pop,185
78,Song VNFOW,12,Pop,218
79,Song O88UO,27,Hip-Hop,208
80,Song VV6V3,25,Hip-Hop,175
81,Song 105OS,21,Bollywood,235
82,Song G6PKI,40,Classical,132
83,Song 8363D,34,Hip-Hop,274
84,Song 09VFE,34,Pop,127
85,Song 6KB9Z,1,Indie,157
86,Song W0C20,54,Hip-Hop,128
87,Song K7CKA,56,Bollywood,202
88,Song 64QBW,10,Indie,284
89,Song 3NF27,21,Classical,195
90,Song AWZFS,59,Hip-Hop,206
91,Song IURPV,54,Rock,279
92,Song UWE77,17,Pop,286
93,Song NT5DX,55,Hip-Hop,280
94,Song AWO7P,60,Romantic,242
95,Song 1X08K,10,Pop,199
96,Song 2LJZL,16,Rock,288
97,Song RW4DB,13,Bollywood,246
98,Song XC9MI,13,Rock,267
99,Song X8FMW,49,Rock,271
100,Song SGQG0,13,EDM,199
101,Song 4KV2R,18,Pop,233
102,Song 8OEI9,48,Pop,297
103,Song QL1V2,54,Pop,296
104,Song 49DZ8,36,Classical,257
105,Song MJN8B,38,Rock,262
106,Song MAM00,51,Rock,202
107,Song 4JZWY,58,Hip-Hop,274
108,Song EOX3A,43,EDM,122
109,Song I3AL6,38,Rock,258
110,Song 99I7Z,18,Classical,165
111,Song 2AHN1,6,Pop,181
112,Song N3TYK,33,Pop,288
113,Song TAOFZ,29,Rock,217
114,Song YZHHI,19,Indie,153
115,Song BG9K4,13,Pop,230
116,Song BZVR8,32,Classical,130
117,Song ZVWT0,44,EDM,176
118,Song DY63N,6,Rock,205
119,Song JMBFO,35,Classical,288
120,Song EXB92,8,Classical,157
121,Song LVQAR,2,EDM,213
122,Song KRZ25,46,Classical,283
123,Song HPCOC,58,Romantic,182
124,Song J5RNO,37,Indie,166
125,Song L1NAI,16,Pop,155
126,Song N0KER,48,Bollywood,121
127,Song 6SB7B,14,Hip-Hop,130
128,Song OPAB0,26,Rock,285
129,Song P4WVA,41,Hip-Hop,270
130,Song V9C0X,3,Classical,213
131,Song AJFH7,9,Romantic,265
132,Song ZN4U3,30,Indie,130
133,Song WTB5Q,4,Bollywood,195
134,Song L39VE,43,Romantic,193
135,Song UVY7I,48,Rock,151
136,Song AUZVM,36,Romantic,255
137,Song K4KL9,14,Classical,162
138,Song 2NEWB,39,Indie,217
139,Song I3DPF,1,Indie,127
140,Song AQX16,29,Indie,124
141,Song H2CSA,9,Romantic,170
142,Song APYWD,44,Bollywood,144
143,Song PMPCE,21,EDM,197
144,Song HVLUC,5,Indie,187
145,Song 0HYL7,47,Bollywood,269
146,Song LQU01,4,Indie,231
147,Song 74OHL,48,Rock,261
148,Song HLVJY,16,Bollywood,221
149,Song 8NQ18,36,Bollywood,241
150,Song 0TIAX,52,Classical,161
151,Song VPIG3,2,Bollywood,174
152,Song YH9OJ,51,Classical,263
153,Song EIFO2,59,Bollywood,216
154,Song 4XJP7,40,Classical,177
155,Song TMFEY,47,Pop,267
156,Song J9CWI,7,Classical,252
157,Song KHKXV,18,Classical,275
158,Song 2R35L,1,EDM,296
159,Song EO6PP,22,Rock,171
160,Song 8EA32,36,Hip-Hop,174
161,Song F1PW2,44,Classical,246
162,Song QH7O0,29,Pop,221
163,Song 70B2A,26,Romantic,133
164,Song NBWGS,16,EDM,154
165,Song K0BRZ,41,Pop,153
166,Song RAXP2,58,Romantic,249
167,Song PPN74,11,Indie,160
168,Song 4IO2X,1,Romantic,282
169,Song 27528,55,Rock,192
170,Song QLRVD,37,Hip-Hop,270
171,Song 1Y04Z,45,Rock,185
172,Song 6SB05,39,Romantic,123
173,Song KZXFP,56,Indie,195
174,Song E09JN,14,Classical,145
175,Song ZV7TX,11,Rock,204
176,Song K7IAZ,40,Classical,295
177,Song PZ7F6,29,EDM,247
178,Song G6WMZ,20,Bollywood,136
179,Song SSF8H,55,Bollywood,134
180,Song X9KNB,22,Rock,171
181,Song 0UNL0,45,EDM,220
182,Song 1LPPJ,2,Indie,169
183,Song YIAW7,57,Classical,171
184,Song 2BTUF,26,Rock,218
185,Song EDL60,26,Indie,191
186,Song R78L1,22,Romantic,246
187,Song D8JPA,23,Pop,218
188,Song QS334,34,EDM,294
189,Song MOMLF,4,EDM,197
190,Song CSW7A,17,Hip-Hop,171
191,Song OTPSI,34,Romantic,240
192,Song BCAIG,56,EDM,188
193,Song 6SOG2,10,Romantic,132
194,Song WTBV5,35,Rock,174
195,Song YA1W3,18,Bollywood,272
196,Song 5765E,32,EDM,206
197,Song TDNVS,10,EDM,201
198,Song BH1NY,59,EDM,250
199,Song URXIJ,1,Pop,206
200,Song 31BXP,38,Classical,277
201,Song JX3BI,17,Rock,210
202,Song T9FSV,59,Pop,239
203,Song 4FIUP,13,Bollywood,240
204,Song TQV8E,19,EDM,137
205,Song 609YZ,33,Hip-Hop,120
206,Song S04LX,33,Indie,298
207,Song 3JUFX,33,Hip-Hop,163
208,Song P0MTZ,58,EDM,162
209,Song PR7H4,30,Bollywood,169
210,Song AO4H8,45,Rock,215
211,Song 9T61Q,6,Classical,195
212,Song FNNML,50,Pop,227
213,Song FE0HR,60,Bollywood,279
214,Song 8AFGQ,33,Pop,129
215,Song 31P35,46,Bollywood,134
216,Song 5KQQL,43,EDM,138
217,Song 2PLHS,41,Pop,235
218,Song HSMCR,48,Pop,262
219,Song KSVZO,38,Indie,260
220,Song STPHA,14,Classical,124
221,Song RCIOD,44,Rock,281
222,Song YB40T,51,Rock,159
223,Song U2SNX,60,Rock,250
224,Song E3XR6,50,Indie,272
225,Song 5BVH2,3,Classical,219
226,Song VIJZX,36,Indie,289
227,Song VQBZB,20,Bollywood,203
228,Song SOS0I,30,Hip-Hop,206
229,Song YARID,23,Classical,288
230,Song 5DLWY,58,Romantic,232
231,Song 6MXSW,44,Hip-Hop,252
232,Song ZKBNS,18,Hip-Hop,146
233,Song LLRB7,5,Rock,159
234,Song IXLBO,60,Bollywood,149
235,Song WO7TC,21,Pop,269
236,Song P5WT5,41,Classical,179
237,Song 92WMS,41,EDM,225
238,Song UK693,31,Indie,229
239,Song 3CHEL,20,Hip-Hop,247
240,Song X5M8N,33,Classical,273
241,Song ZFPDO,59,Hip-Hop,129
242,Song UDU7X,9,Classical,178
243,Song GD40C,15,Romantic,280
244,Song JIPO8,48,Hip-Hop,196
245,Song 24ZN0,19,Romantic,281
246,Song MKCWJ,37,Rock,228
247,Song PM86C,5,Rock,223
248,Song TX76D,37,EDM,190
249,Song RZCV3,43,Hip-Hop,297
250,Song 3K0E3,32,Classical,257
251,Song KWIH7,26,Classical,228
252,Song W80UX,55,Indie,167
253,Song UGNQV,8,Indie,226
254,Song PCFLO,27,Hip-Hop,191
255,Song 37E4E,12,Hip-Hop,188
256,Song VB6HP,40,Indie,261
257,Song 6RWAR,15,Bollywood,277
258,Song LWJOJ,5,Pop,277
259,Song H1MQ4,11,Romantic,231
260,Song L5NBT,57,Hip-Hop,245
261,Song EHU2M,49,Indie,276
262,Song MUFGY,41,Indie,187
263,Song DVA78,52,Romantic,120
264,Song 0MCZH,12,EDM,193
265,Song Y5OFT,60,Hip-Hop,266
266,Song K18C7,1,EDM,216
267,Song 0DYK3,47,Classical,211
268,Song EZVSQ,6,Romantic,174
269,Song EYKUK,5,Bollywood,246
270,Song PDGZ2,42,Pop,135
271,Song 0T8DH,7,Rock,203
272,Song 7JPTG,6,Rock,123
273,Song 2CQBY,32,Romantic,228
274,Song E14OT,20,Pop,156
275,Song PUH7Z,56,Romantic,187
276,Song ZHOBH,12,Classical,248
277,Song 59YMZ,28,Romantic,155
278,Song KDKFO,11,Bollywood,129
279,Song LJ0UA,7,Indie,228
280,Song I4SE4,58,EDM,129
281,Song 9I9EX,3,Pop,215
282,Song FA801,25,Rock,149
283,Song HTHUG,49,Classical,213
284,Song S8EHI,12,EDM,205
285,Song 4YLHG,54,Indie,196
286,Song 2VPAJ,50,Indie,229
287,Song J00VM,13,Indie,236
288,Song YW5IX,41,Romantic,165
289,Song QIO1M,40,Classical,218
290,Song NL4J1,26,Indie,160
291,Song 25SWO,24,EDM,146
292,Song R9HOU,18,Romantic,160
293,Song 5187O,19,Romantic,290
294,Song MUZZO,15,Romantic,183
295,Song K5Z9R,10,Classical,196
296,Song MCX5Z,7,Indie,170
297,Song W7LHX,48,Indie,260
298,Song SPYA2,22,Indie,257
299,Song KQXW1,10,Rock,226
300,Song MI8CO,7,Hip-Hop,297
301,Song DIRHE,30,Pop,240
302,Song F3ADT,45,Indie,243
303,Song 6A6NJ,36,Hip-Hop,150
304,Song 99OH1,9,Bollywood,221
305,Song LKFU3,12,Classical,219
306,Song ZMO7G,54,Rock,237
307,Song 0V3WK,9,Hip-Hop,221
308,Song USX9D,53,Indie,299
309,Song NKQWQ,59,Pop,225
310,Song 6ILVB,44,Indie,147
311,Song M1AOZ,11,EDM,269
312,Song 1CIJJ,3,Bollywood,290
313,Song 3XHYT,27,Rock,192
314,Song 3TYDC,3,Rock,231
315,Song VB96D,32,Indie,122
316,Song UZXCA,19,EDM,287
317,Song 76BT3,58,Indie,226
318,Song E690C,60,Pop,183
319,Song F81J6,19,Romantic,197
320,Song JFCLC,36,Pop,298
321,Song UYR7V,31,Hip-Hop,259
322,Song CLR45,25,Bollywood,149
323,Song 52DY7,14,Pop,154
324,Song 6YA8S,20,Rock,194
325,Song E4QWL,6,Bollywood,298
326,Song 1V8RS,5,Bollywood,217
327,Song 4GCT8,19,Pop,283
328,Song K8XN2,32,EDM,163
329,Song XEKBZ,16,Rock,205
330,Song LOX8G,14,Rock,224
331,Song JMGL1,36,Bollywood,199
332,Song CFNR3,58,Bollywood,269
333,Song VWS6M,35,Indie,274
334,Song S9V9B,19,Rock,271
335,Song ZMQ77,41,Hip-Hop,213
336,Song 2KF9Q,24,Rock,236
337,Song OEXOA,10,Indie,122
338,Song ABK97,31,Rock,176
339,Song 9NX85,1,EDM,130
340,Song ZQ35A,51,Indie,224
341,Song VY92D,35,Classical,257
342,Song AOGZE,10,Classical,155
343,Song FFGFA,15,EDM,240
344,Song 5SMVV,21,Pop,120
345,Song D0TQ2,18,Hip-Hop,215
346,Song 2Z7MB,57,Romantic,169
347,Song 877FX,21,Classical,121
348,Song 7KX7M,51,Bollywood,262
349,Song VQIET,3,Rock,126
350,Song KW6ZL,58,EDM,139
351,Song L12S6,40,EDM,193
352,Song U2K5E,31,Pop,164
353,Song XY7IN,6,Romantic,247
354,Song UZA9Q,59,Rock,290
355,Song D3W6Q,10,Hip-Hop,223
356,Song ULLLM,39,Bollywood,215
357,Song UZA1G,38,Pop,227
358,Song 8UBK6,39,Indie,123
359,Song CBLQI,25,EDM,215
360,Song 6CLPD,29,Hip-Hop,227
361,Song UK6CM,43,Pop,251
362,Song H0WFW,18,Indie,195
363,Song K1R6L,18,Pop,256
364,Song YIFJH,19,Pop,128
365,Song CZLZM,18,Indie,273
366,Song LMQ4V,7,Pop,218
367,Song 4UNFF,12,Bollywood,135
368,Song 9HXWM,16,EDM,211
369,Song 74LT3,12,Indie,177
370,Song K6FPG,3,Rock,233
371,Song DKFEE,11,EDM,142
372,Song Q7GEY,27,Classical,223
373,Song VR9AH,25,Classical,210
374,Song BH4VS,49,EDM,256
375,Song 7MGBD,50,Pop,147
376,Song IINIV,37,Rock,274
377,Song AXGUM,4,Rock,216
378,Song GMZYZ,10,Rock,251
379,Song N8L0U,48,Classical,178
380,Song K209E,1,Hip-Hop,141
381,Song XQ6TC,25,Romantic,216
382,Song PKIA0,19,EDM,210
383,Song YZDCQ,13,Bollywood,229
384,Song ZMMXX,27,Indie,137
385,Song AUT3X,9,Bollywood,260
386,Song OCZCE,4,Rock,292
387,Song OWYPN,8,Bollywood,281
388,Song HIFYE,28,Romantic,269
389,Song CE3SK,10,Romantic,226
390,Song 6DKFL,15,Pop,130
391,Song 7I31I,2,Classical,182
392,Song ZHJMX,45,Indie,217
393,Song H81TJ,40,Bollywood,288
394,Song HYOU5,36,Romantic,173
395,Song SBDJ5,59,Indie,210
396,Song ZOGQ2,11,Hip-Hop,214
397,Song 2R9LM,5,Hip-Hop,245
398,Song NO7NQ,54,Indie,186
399,Song PKPF3,34,EDM,214
400,Song ELWL8,54,Classical,265
401,Song LTMD3,27,Pop,227
402,Song EQPRV,50,Hip-Hop,201
403,Song AP1J5,45,Classical,138
404,Song UK5X6,9,Classical,157
405,Song H6Q9Y,51,Pop,193
406,Song MRU4E,59,Rock,253
407,Song ZBAIV,19,Classical,143
408,Song QY89F,19,Hip-Hop,169
409,Song X5Y7Z,29,EDM,201
410,Song ZOO0A,5,Hip-Hop,224
411,Song HF59S,41,Hip-Hop,121
412,Song CE2F3,8,Pop,293
413,Song K7E31,34,Hip-Hop,172
414,Song H4YN8,49,Classical,296
415,Song VR0DH,35,Pop,205
416,Song YVKP6,41,Classical,126
417,Song 97KZB,36,Hip-Hop,157
418,Song W1DUH,17,Pop,287
419,Song 5C6KD,57,Romantic,255
420,Song YZC5H,46,Pop,193
421,Song WCCIM,17,Indie,250
422,Song CHLSX,22,EDM,251
423,Song HLLSH,42,Pop,146
424,Song O7NQR,60,Bollywood,260
425,Song B8VFQ,17,Rock,223
426,Song VYXHZ,58,Indie,143
427,Song N7P29,7,Rock,141
428,Song U3NM0,37,Hip-Hop,289
429,Song FC5Z5,13,Romantic,257
430,Song NJXCM,14,Romantic,232
431,Song FNNII,46,Classical,192
432,Song NXD6Z,11,Romantic,263
433,Song CL37P,3,Bollywood,274
434,Song H31A2,56,Romantic,172
435,Song 6QRNV,11,Hip-Hop,185
436,Song CN0CL,21,Romantic,196
437,Song DI2QG,28,Pop,257
438,Song UQ54X,59,Hip-Hop,262
439,Song ZGRRQ,56,Rock,150
440,Song 1KLYR,57,Indie,170
441,Song 2CPCC,1,Classical,191
442,Song GYR58,10,Romantic,288
443,Song 4YQQ1,31,Indie,150
444,Song UWDNV,44,Romantic,222
445,Song 1OBVY,26,Hip-Hop,169
446,Song 2AWNF,19,EDM,155
447,Song NZHQH,44,Classical,152
448,Song DCJ9Z,54,Bollywood,125
449,Song YRIBE,24,Bollywood,283
450,Song E6L0D,38,Rock,221
451,Song 3FASE,46,Romantic,263
452,Song ZY46V,37,Hip-Hop,176
453,Song KSHRD,21,Classical,147
454,Song UQDJI,19,Indie,282
455,Song 4YIF5,25,Rock,246
456,Song EXPFS,45,EDM,220
457,Song L4VFZ,35,Classical,194
458,Song BB5YF,1,Indie,290
459,Song DXNAD,4,Pop,263
460,Song MHF5O,50,Hip-Hop,134
461,Song X09LP,57,Hip-Hop,217
462,Song Z3HA6,39,Pop,129
463,Song B3VCP,38,Rock,120
464,Song 74TBS,52,Hip-Hop,205
465,Song 8CT71,45,Pop,279
466,Song I7ZWP,48,Rock,182
467,Song PG6A2,50,Rock,155
468,Song YPC45,9,EDM,237
469,Song ZJQAM,58,Hip-Hop,138
470,Song 5D9Y8,54,Hip-Hop,122
471,Song WRHQS,56,Classical,144
472,Song VELYV,36,Bollywood,224
473,Song 5X1D3,47,Indie,242
474,Song 5SR5E,45,Hip-Hop,224
475,Song IT6YA,60,Indie,283
476,Song QOVGP,11,Bollywood,251
477,Song YAZHX,54,Rock,221
478,Song LG7V6,53,Pop,238
479,Song UILTE,19,Romantic,279
480,Song RFLVR,31,EDM,126
481,Song 46N0A,36,Pop,138
482,Song Z7EP6,59,Indie,204
483,Song TGC3V,31,Romantic,221
484,Song 2TPX4,23,EDM,254
485,Song B5MBZ,28,Classical,187
486,Song VWSQ4,18,Bollywood,209
487,Song QBIAF,41,Hip-Hop,124
488,Song D5MAX,8,Indie,280
489,Song RG1AX,3,Romantic,158
490,Song F4OHE,12,Pop,218
491,Song 5A8XA,11,Classical,186
492,Song GNZFZ,51,Bollywood,213
493,Song Q2W9Z,16,Romantic,246
494,Song 2DXJO,57,Romantic,224
495,Song 1RBN6,44,Hip-Hop,212
496,Song K7HLC,42,Indie,287
497,Song 69XP7,28,Hip-Hop,290
498,Song 5S2U4,48,Romantic,287
499,Song 8W43H,36,Indie,196
500,Song LF43R,34,Bollywood,121
501,Song SVI1X,60,Hip-Hop,288
502,Song XK509,54,Romantic,257
503,Song M12LC,3,Pop,272
504,Song TOF3B,12,Hip-Hop,191
505,Song 711UZ,12,Bollywood,178
506,Song 064VJ,59,Romantic,290
507,Song 8AUBP,41,Romantic,263
508,Song DBEZA,23,Romantic,125
509,Song GULM5,43,Classical,238
510,Song JYYII,39,Bollywood,278
511,Song 3LCZ6,55,Rock,156
512,Song XUJ5O,16,Classical,237
513,Song JT4NG,53,Romantic,148
514,Song BNIGZ,45,Romantic,209
515,Song MCWPB,19,Rock,269
516,Song LCX7M,15,Romantic,200
517,Song YYZ7P,49,Bollywood,167
518,Song 4OHPN,35,Classical,142
519,Song LR8Z1,43,Classical,228
520,Song 5GPSS,17,Bollywood,220
521,Song AWCUD,11,Indie,181
522,Song 2IWMC,2,Bollywood,135
523,Song MZZ3T,20,Classical,293
524,Song 0PYDG,46,Hip-Hop,191
525,Song I17TB,51,Romantic,143
526,Song KFFVI,43,EDM,213
527,Song 4FG0D,3,EDM,153
528,Song NNNGV,31,Rock,204
529,Song V0WGD,19,Hip-Hop,285
530,Song I5N6D,20,Pop,295
531,Song 4XVRY,42,Rock,202
532,Song OYEYQ,2,Classical,219
533,Song 2MCQ4,58,Rock,229
534,Song YDBSI,10,Classical,160
535,Song VIUCL,7,Hip-Hop,293
536,Song PR1MU,30,Bollywood,244
537,Song PK404,1,Rock,215
538,Song HJLA9,56,Pop,153
539,Song X0SUT,50,Pop,174
540,Song 7W5GL,48,Indie,235
541,Song OI2JV,49,Hip-Hop,189
542,Song YQMWT,27,Classical,181
543,Song PSB53,51,Classical,234
544,Song C5LIK,12,Pop,145
545,Song LFDTT,35,Romantic,180
546,Song BTH05,12,Indie,253
547,Song 0WI4I,8,Rock,286
548,Song RINA0,45,EDM,285
549,Song PGBMC,32,Rock,132
550,Song 6QPJN,31,Pop,287
551,Song TVDHA,43,Romantic,140
552,Song D21W2,49,EDM,212
553,Song 7PRWM,17,Indie,149
554,Song GPCP0,39,Rock,296
555,Song YS14I,49,Romantic,222
556,Song EO37P,7,Hip-Hop,126
557,Song NHDT4,24,Bollywood,193
558,Song 9FFY7,53,EDM,290
559,Song 8K25G,25,Indie,172
560,Song HKYCQ,47,Rock,295
561,Song GYNKI,20,Indie,256
562,Song P5OR4,48,Indie,200
563,Song TUV67,25,Hip-Hop,216
564,Song U8AKH,36,Hip-Hop,222
565,Song I41UG,47,Classical,300
566,Song EXRCL,39,Hip-Hop,191
567,Song BJN7F,5,Rock,140
568,Song QEFRS,35,Pop,142
569,Song EZ18X,35,Bollywood,205
570,Song QW20X,44,Bollywood,192
571,Song WWCF5,38,Rock,245
572,Song DTOMP,8,Rock,261
573,Song TD78P,40,Bollywood,174
574,Song 245L5,41,Rock,224
575,Song 3GQ83,13,Bollywood,165
576,Song 5OPKO,48,Bollywood,263
577,Song CU6SY,33,Pop,220
578,Song 9GB1X,34,Pop,247
579,Song PRGYG,5,Indie,176
580,Song 9H72I,52,Bollywood,277
581,Song SJB4L,56,Pop,182
582,Song YV0N1,31,Hip-Hop,207
583,Song P85Y7,45,Rock,159
584,Song 49HWF,31,Romantic,207
585,Song PJ4ZG,7,Rock,281
586,Song 46335,48,Classical,147
587,Song ZGG3E,53,Indie,179
588,Song VMDH1,37,EDM,201
589,Song DO1VA,15,Bollywood,273
590,Song S01WX,26,Indie,298
591,Song L5UQW,43,Pop,263
592,Song W5ZQW,48,Hip-Hop,204
593,Song 87PSC,42,Hip-Hop,175
594,Song Q7QRE,40,Bollywood,288
595,Song Z9ZGE,15,Classical,285
596,Song 08DW5,11,Hip-Hop,135
597,Song YI0PL,27,Pop,144
598,Song TXLJK,58,EDM,159
599,Song 9BYI4,43,Romantic,121
600,Song VPM6D,45,Indie,288
601,Song 9OJWU,5,Rock,199
602,Song MWWCG,32,Pop,201
603,Song 3E49Y,20,Pop,250
604,Song 3NC62,59,Pop,284
605,Song LLJ0V,13,Classical,129
606,Song 8INNU,41,Indie,273
607,Song 1UITD,12,EDM,143
608,Song C32GY,54,Hip-Hop,198
609,Song KWFAP,9,Classical,251
610,Song GOHKS,48,Hip-Hop,180
611,Song HN70N,17,EDM,129
612,Song P33GI,33,Classical,218
613,Song 8TMQH,40,Pop,267
614,Song M94W7,56,Romantic,275
615,Song 5745I,18,Indie,274
616,Song 8KHV4,56,Bollywood,223
617,Song BQ2SA,22,Romantic,190
618,Song T8HJK,9,Indie,290
619,Song SPQTU,25,Bollywood,124
620,Song ZQ4X5,27,Indie,269
621,Song DJPCA,4,Hip-Hop,254
622,Song 287QM,17,Bollywood,211
623,Song PLXC0,27,Indie,125
624,Song DRKU0,44,Classical,172
625,Song Y8N59,19,Romantic,124
626,Song 97L6X,57,Indie,224
627,Song Z2IMB,55,EDM,165
628,Song UC3TG,51,Romantic,234
629,Song KBEC5,8,Hip-Hop,257
630,Song 59PGN,21,EDM,251
631,Song CO1SK,51,Hip-Hop,224
632,Song UBNLM,56,Pop,141
633,Song 14FTN,2,Romantic,141
634,Song VH1XS,52,Romantic,157
635,Song 5ZQS1,59,Pop,175
636,Song LF80H,25,EDM,294
637,Song HVO2N,19,Hip-Hop,179
638,Song TYFIP,7,Indie,142
639,Song Z0B54,31,Bollywood,197
640,Song 5Q5GO,18,Classical,219
641,Song 7QLBW,16,Bollywood,246
642,Song 284WY,17,Hip-Hop,193
643,Song SMV4Q,54,Bollywood,184
644,Song 3A1IO,57,Indie,262
645,Song KJF8R,31,Bollywood,210
646,Song LQHDL,6,Bollywood,173
647,Song 1CV2X,42,Pop,266
648,Song JBOO0,55,Classical,181
649,Song KJI92,48,Indie,213
650,Song MGHY7,16,Indie,128
651,Song Y615B,41,Bollywood,127
652,Song 90C03,55,Romantic,227
653,Song CYVU0,5,Romantic,140
654,Song TYLH8,6,EDM,222
655,Song C0QPD,28,Indie,250
656,Song YKQVO,32,Indie,260
657,Song FW0ZN,57,Romantic,273
658,Song NSWJF,38,Hip-Hop,297
659,Song AGZR6,15,Pop,200
660,Song 4YWP6,18,Rock,184
661,Song MHDNB,4,Bollywood,198
662,Song 5HVDQ,29,Romantic,162
663,Song Q53AL,17,EDM,192
664,Song A65FZ,7,Bollywood,285
665,Song 49T0Z,15,Indie,225
666,Song 75RDD,20,Hip-Hop,213
667,Song SGFSH,5,Indie,201
668,Song 3M871,35,Romantic,283
669,Song YRVMW,11,Pop,267
670,Song K52CG,34,Indie,204
671,Song 349DQ,24,Classical,175
672,Song H4VL1,35,Rock,260
673,Song ZBBHT,58,EDM,218
674,Song JZ9G6,13,Rock,296
675,Song 5U0I1,39,Pop,270
676,Song 7GSF6,48,EDM,143
677,Song KOHD5,6,Romantic,212
678,Song 48LBC,13,EDM,195
679,Song QTYDB,1,Indie,212
680,Song TXLQ0,40,Indie,180
681,Song 2L5EU,48,Classical,272
682,Song DOW6J,38,Classical,134
683,Song LCW0D,27,Indie,146
684,Song ZNXYD,59,Pop,299
685,Song SEXE0,47,Indie,257
686,Song PSEYW,10,Bollywood,211
687,Song WG24U,60,Indie,157
688,Song TWR2Z,2,Pop,122
689,Song UF2W7,23,Romantic,246
690,Song 1TQZF,9,Pop,131
691,Song X6JMR,42,Classical,185
692,Song GQEVD,52,Romantic,167
693,Song ZBYS7,58,Pop,300
694,Song FWSAN,60,EDM,261
695,Song G7GA2,2,EDM,242
696,Song Q2YVM,17,Pop,185
697,Song DS0SP,56,EDM,172
698,Song DOWM2,3,Hip-Hop,251
699,Song RSS0N,36,Indie,298
700,Song 9WIHX,59,Pop,226
701,Song E74AD,42,Rock,169
702,Song N7RVX,36,Bollywood,140
703,Song UASHE,49,EDM,253
704,Song 210U8,38,EDM,198
705,Song V1J30,5,Romantic,179
706,Song PUV58,20,Indie,241
707,Song X3LHX,14,Indie,246
708,Song 3JSS3,1,Indie,204
709,Song YF6NX,25,Classical,160
710,Song 6Z61D,34,Hip-Hop,159
711,Song NB6SP,16,EDM,294
712,Song P6XSV,54,Indie,191
713,Song 2H90U,21,Bollywood,205
714,Song CMH7L,10,Romantic,295
715,Song ZVFSW,51,EDM,257
716,Song QJ8CW,46,Indie,295
717,Song 9FP14,57,Rock,277
718,Song RJIWM,40,Romantic,138
719,Song MXLEO,50,Indie,180
720,Song 06B8M,60,Classical,135
721,Song D24D0,54,Bollywood,286
722,Song F7FS1,41,Hip-Hop,198
723,Song XGNTU,50,EDM,231
724,Song Y8258,42,EDM,122
725,Song H6TC4,51,Hip-Hop,232
726,Song I2SO0,48,Rock,208
727,Song JPAIF,21,Indie,130
728,Song 6RJ09,40,Classical,246
729,Song BLH74,9,EDM,279
730,Song CVFT9,37,Indie,233
731,Song WY2NB,48,Rock,211
732,Song 04XXU,21,Pop,292
733,Song Q5TDF,32,Classical,226
734,Song HVOXJ,17,Indie,120
735,Song U1ARM,29,Rock,275
736,Song CRNFY,33,EDM,196
737,Song 2VFHD,7,EDM,278
738,Song G11SX,35,Bollywood,189
739,Song QM2UB,29,Pop,212
740,Song KWXZW,21,EDM,176
741,Song PQRMO,50,Classical,156
742,Song AU14B,47,Indie,297
743,Song KEHVQ,16,Pop,289
744,Song D8XQ4,4,EDM,277
745,Song IC6JT,17,Classical,164
746,Song 7QSOD,23,Romantic,189
747,Song 8WLOL,42,Romantic,239
748,Song WLIFN,14,Romantic,209
749,Song A1024,36,Bollywood,273
750,Song 3NSXO,20,Classical,255
751,Song 6WEGG,50,Hip-Hop,287
752,Song 8KAAD,51,Indie,271
753,Song WD0RV,29,Hip-Hop,194
754,Song UZU9S,8,Hip-Hop,247
755,Song N1BQG,19,Indie,145
756,Song CMYXB,2,Rock,232
757,Song BNUXU,48,Bollywood,259
758,Song ZGTLD,28,Classical,148
759,Song 2U2X1,48,Indie,233
760,Song YMHP9,26,Romantic,292
761,Song MSORQ,51,Classical,256
762,Song H28IM,35,Rock,169
763,Song AJBQ4,40,Classical,246
764,Song LWP47,41,Romantic,242
765,Song 1UP3C,46,EDM,253
766,Song H19YX,2,Bollywood,292
767,Song INW4U,47,Classical,219
768,Song AG4G9,53,Indie,180
769,Song 038Z2,58,Classical,249
770,Song 1O7D3,56,Classical,170
771,Song 2CWF5,51,Indie,141
772,Song DRXU9,60,Romantic,278
773,Song L91QJ,56,EDM,216
774,Song NHN3K,59,Rock,148
775,Song D1T46,34,Romantic,141
776,Song NQSAM,14,Pop,172
777,Song 3XDVQ,36,Indie,251
778,Song 2T657,20,EDM,217
779,Song EBCXI,43,Hip-Hop,202
780,Song 96EPT,18,Indie,122
781,Song AR17Q,13,Bollywood,131
782,Song U9XRD,47,Hip-Hop,239
783,Song FVAPR,25,Rock,282
784,Song GDFKS,27,Indie,263
785,Song XDOUB,4,Classical,219
786,Song KLOWQ,55,Rock,270
787,Song CBZYI,40,Pop,219
788,Song 62U8Z,51,Bollywood,285
789,Song IE39Z,1,Bollywood,294
790,Song EC5UD,4,Indie,259
791,Song UQAJE,10,Romantic,183
792,Song VWOE5,5,Classical,222
793,Song AGP01,51,Bollywood,213
794,Song JA57I,51,Romantic,259
795,Song 13G4W,15,Pop,224
796,Song Q5LDL,24,EDM,216
797,Song HYMAF,37,Rock,197
798,Song 61FTG,4,Romantic,214
799,Song 8URU7,33,Romantic,274
800,Song D7CRA,30,Pop,208
801,Song S66KE,27,Indie,121
802,Song DOTIW,22,Romantic,173
803,Song QUEU1,16,Indie,237
804,Song 5PCNI,30,Romantic,287
805,Song ZVZYY,54,Hip-Hop,140
806,Song 11BIJ,41,Indie,235
807,Song 696J5,22,Rock,120
808,Song T64VZ,20,Bollywood,175
809,Song EDMAM,54,EDM,161
810,Song BV46M,31,EDM,242
811,Song 3DB8U,27,Indie,198
812,Song QK0PQ,57,Bollywood,158
813,Song NUKM7,11,Pop,172
814,Song AS8N4,38,Indie,122
815,Song P00G5,54,Indie,137
816,Song S72RW,14,Bollywood,232
817,Song QVQ1H,57,Indie,156
818,Song IQG01,25,Bollywood,137
819,Song 2BPIM,43,Classical,261
820,Song PG2O8,39,Classical,193
821,Song FG7I2,13,Hip-Hop,277
822,Song 7JN23,38,Pop,216
823,Song 9JI7O,37,Romantic,287
824,Song GP5LF,9,EDM,143
825,Song SIZB2,9,EDM,184
826,Song 5UKR8,34,Hip-Hop,147
827,Song 8W1SA,8,Classical,212
828,Song 86TAI,23,Bollywood,225
829,Song 98N2R,49,Indie,260
830,Song WQOYB,34,Classical,163
831,Song ICR6D,8,Romantic,263
832,Song 8781X,26,Bollywood,264
833,Song 1F5R3,34,Rock,184
834,Song FLNOU,52,Rock,241
835,Song XOKPI,59,Classical,258
836,Song SQACB,36,Bollywood,199
837,Song YFAY0,22,Pop,141
838,Song 5MNJO,47,Bollywood,278
839,Song XZB5O,9,Classical,239
840,Song XADGY,21,Bollywood,184
841,Song GB5OR,18,Romantic,194
842,Song T7GA8,48,Bollywood,156
843,Song ITOZA,58,Pop,142
844,Song JQVIO,56,Rock,188
845,Song XMZWQ,48,Rock,213
846,Song 0UR99,3,Classical,127
847,Song ECEEU,40,Romantic,152
848,Song IFU43,16,Hip-Hop,242
849,Song MF6M8,38,Romantic,202
850,Song EPHVP,52,EDM,273
851,Song 96Q3Q,11,Rock,199
852,Song GUQIO,59,Indie,153
853,Song VSTYG,23,Bollywood,235
854,Song 1XZQG,16,EDM,196
855,Song WH54W,13,Bollywood,252
856,Song F9NRM,32,Indie,198
857,Song 65X4W,15,Pop,177
858,Song 7XXEQ,18,Indie,132
859,Song BBKVP,41,Romantic,243
860,Song RE5OZ,15,Classical,152
861,Song JFBOV,24,Pop,272
862,Song D87WC,49,Rock,293
863,Song FI7EQ,22,Classical,221
864,Song 6J8LU,20,Pop,122
865,Song CJ72H,41,Romantic,276
866,Song 9J2FU,34,Hip-Hop,285
867,Song LPOY2,49,Rock,210
868,Song 5AGP6,16,EDM,239
869,Song 2OAZF,47,Pop,267
870,Song ZWP4O,3,EDM,197
871,Song QR4ZL,10,Pop,192
872,Song XEWV0,12,Pop,230
873,Song 83JUW,29,EDM,179
874,Song UVJ40,44,Classical,296
875,Song GQYMH,23,Rock,176
876,Song ARJI6,16,Hip-Hop,132
877,Song 9PDGK,12,Bollywood,184
878,Song WTG3F,2,Hip-Hop,178
879,Song B6OE3,23,Romantic,144
880,Song BZNMT,53,Bollywood,133
881,Song V8WZJ,52,Classical,285
882,Song YKMKC,53,Classical,215
883,Song NDLS3,53,Bollywood,252
884,Song V4305,5,Pop,209
885,Song 00L87,46,Rock,277
886,Song 5DY4L,46,Bollywood,151
887,Song 7PI8W,58,Classical,191
888,Song I4P0E,27,Rock,291
889,Song 5X6ZI,43,Classical,122
890,Song 2Q7LK,56,Pop,200
891,Song UN3YP,39,Bollywood,237
892,Song CGH8A,57,Pop,271
893,Song DCK10,3,Pop,175
894,Song F3SUT,39,Hip-Hop,129
895,Song 26XNI,18,Rock,224
896,Song RTMSY,33,Indie,272
897,Song 9WXN9,3,Classical,217
898,Song GBRFR,31,Pop,283
899,Song EY5QW,36,Bollywood,173
900,Song PAS0Z,23,Pop,256
901,Song BOP51,15,Romantic,146
902,Song J9VHQ,42,Rock,186
903,Song RU7NS,25,Indie,235
904,Song CU16D,24,EDM,210
905,Song BY23H,28,EDM,183
906,Song 1S6XH,60,Classical,124
907,Song BM4ML,47,Hip-Hop,181
908,Song QR2AH,50,Indie,246
909,Song UD24D,45,EDM,260
910,Song YADJC,31,Romantic,194
911,Song LX9K9,22,Pop,290
912,Song VTH4O,37,Bollywood,180
913,Song SENOA,34,EDM,183
914,Song HYAUK,34,Romantic,160
915,Song L79R9,40,EDM,147
916,Song 9UXLJ,29,Indie,159
917,Song WYMS2,33,Classical,157
918,Song F2WCF,22,Hip-Hop,129
919,Song I8BNQ,9,Rock,167
920,Song CNUBJ,24,Classical,249
921,Song 6MOPZ,57,Rock,166
922,Song URT1R,14,Pop,269
923,Song NGCFO,36,Romantic,261
924,Song 34KFF,52,EDM,297
925,Song FT4GC,36,Bollywood,180
926,Song CNIC4,30,Rock,256
927,Song ZNNVE,3,EDM,151
928,Song 1YONA,39,Bollywood,143
929,Song S3EDU,56,Classical,200
930,Song 88YFK,55,Bollywood,224
931,Song T1K8H,36,Rock,191
932,Song HCD79,6,Rock,199
933,Song 8MDZF,1,Rock,233
934,Song VALBN,56,Pop,266
935,Song JB9ND,48,Bollywood,254
936,Song CHJ31,14,Indie,189
937,Song R8FL9,21,EDM,133
938,Song 0AH9Q,30,EDM,278
939,Song U7SA7,41,Hip-Hop,275
940,Song ZO8WD,7,Indie,196
941,Song ANIP3,5,Romantic,179
942,Song ZUM7O,5,Rock,295
943,Song BATOL,54,Indie,144
944,Song LONKC,11,Bollywood,194
945,Song OV5NW,34,EDM,250
946,Song SQ6I3,17,Pop,133
947,Song 62ACR,59,Hip-Hop,287
948,Song L6V33,31,Pop,233
949,Song D7CDZ,34,Indie,133
950,Song KA7JK,3,Romantic,205
951,Song VQIIX,55,EDM,289
952,Song 097NF,37,Rock,242
953,Song Y30M6,50,Pop,199
954,Song ZVGW9,40,Hip-Hop,218
955,Song E0R3I,46,Bollywood,175
956,Song 51ZFS,37,Classical,170
957,Song 0UMS4,51,Hip-Hop,279
958,Song 5XNQD,10,Rock,181
959,Song U26RV,18,Bollywood,128
960,Song ANXRI,28,Romantic,238
961,Song E5EEA,39,Hip-Hop,214
962,Song JKHVY,49,Bollywood,123
963,Song 7XWLR,7,Hip-Hop,273
964,Song IXR4D,46,Indie,221
965,Song UFLV4,48,Pop,204
966,Song WG9AY,2,Rock,290
967,Song 0CLCC,50,Bollywood,169
968,Song JJ1WS,36,Classical,142
969,Song IB0SX,55,Hip-Hop,255
970,Song K83W1,55,Indie,242
971,Song H7CJJ,9,Rock,246
972,Song 698I9,44,Romantic,201
973,Song PVEC9,47,Classical,155
974,Song O1S93,2,Rock,243
975,Song CW9IB,25,Hip-Hop,225
976,Song 1YPIS,17,Romantic,280
977,Song VOQJ4,40,Classical,177
978,Song UCUIG,51,Romantic,155
979,Song 6F522,51,Rock,164
980,Song 5IUVW,25,Romantic,162
981,Song GGW1J,60,EDM,183
982,Song 7W10P,52,Rock,149
983,Song L8HPA,5,Pop,202
984,Song RDMZV,36,Pop,283
985,Song N52T7,59,Pop,163
986,Song MDFZJ,60,Indie,180
987,Song GO58O,30,Pop,175
988,Song GSC2G,10,Romantic,208
989,Song WUR1Z,43,Hip-Hop,274
990,Song MRU1C,54,Classical,185
991,Song QYCRH,47,Indie,236
992,Song HSFM8,1,Bollywood,230
993,Song DNU0F,7,Hip-Hop,127
994,Song ABOI0,51,Classical,267
995,Song W9USI,11,Classical,148
996,Song 5YSHG,3,Bollywood,178
997,Song PM7TF,46,Pop,240
998,Song AW4TE,9,Bollywood,184
999,Song YPZRZ,54,Hip-Hop,281
1000,Song LF0LL,26,Pop,124
1001,Song 5BEKT,24,EDM,152
1002,Song PGYAP,9,Bollywood,154
1003,Song IB0TA,9,Hip-Hop,291
1004,Song Y5XHQ,18,Hip-Hop,267
1005,Song 91F8B,8,Rock,226
1006,Song OE42W,46,Bollywood,293
1007,Song AHAN6,20,Rock,124
1008,Song DOUAY,25,EDM,194
1009,Song 0TD0D,51,Indie,196
1010,Song UOYSV,10,EDM,144
1011,Song MLAV3,8,Indie,145
1012,Song ZHLFL,47,Classical,298
1013,Song ZE2TB,16,Hip-Hop,236
1014,Song QKMJC,42,EDM,247
1015,Song GM5HN,26,Rock,142
1016,Song 613LY,8,Classical,238
1017,Song ZTGBC,29,Bollywood,190
1018,Song V8A6M,35,Pop,300
1019,Song VETC5,49,EDM,153
1020,Song V6NZ8,12,EDM,289
1021,Song N5B0M,47,Indie,233
1022,Song QV9DY,21,Bollywood,271
1023,Song TAKLO,52,Classical,233
1024,Song J1YDO,56,Romantic,255
1025,Song Q82DM,37,Classical,166
1026,Song 1HZVN,8,Pop,251
1027,Song JP0ES,13,Hip-Hop,121
1028,Song 9RODE,44,Hip-Hop,266
1029,Song 1R54E,39,Rock,282
1030,Song 7Z764,59,Hip-Hop,174
1031,Song Y05Y5,34,Classical,251
1032,Song 08UWO,24,Rock,259
1033,Song 118QZ,50,Pop,265
1034,Song XQRKU,1,EDM,190
1035,Song Q6X5L,21,Rock,131
1036,Song O6GPN,29,Romantic,192
1037,Song I139D,42,Indie,127
1038,Song 2JMXS,60,Romantic,280
1039,Song ZUB3Z,41,Indie,213
1040,Song 4Q17R,33,Indie,290
1041,Song TNS9H,52,EDM,293
1042,Song R8H9X,3,Rock,295
1043,Song Q8D7W,54,Hip-Hop,200
1044,Song AWRTN,43,Classical,158
1045,Song HZLA6,13,Indie,268
1046,Song VETYB,38,Classical,177
1047,Song 187YO,6,Hip-Hop,160
1048,Song IYZ3K,30,Bollywood,159
1049,Song VBFEJ,17,Bollywood,139
1050,Song PW5VZ,19,Romantic,214
1051,Song Z9B9B,23,Indie,149
1052,Song JH9J7,31,Romantic,264
1053,Song 22EFT,18,Hip-Hop,289
1054,Song DWR02,39,Indie,203
1055,Song PO6GF,2,Hip-Hop,287
1056,Song WNKPZ,46,Hip-Hop,291
1057,Song 7NL7U,1,Pop,152
1058,Song HLAR1,27,EDM,175
1059,Song XR4G0,15,Pop,187
1060,Song 3BSY3,44,Indie,264
1061,Song Z948P,25,Pop,167
1062,Song GCP8Y,44,Indie,146
1063,Song 1BX6A,30,Rock,207
1064,Song DBH4J,44,Pop,237
1065,Song V66N0,28,Hip-Hop,295
1066,Song 13VW4,16,Classical,267
1067,Song NXFAM,59,Pop,242
1068,Song F7BCU,6,Classical,250
1069,Song XQKQB,15,EDM,278
1070,Song L0TQF,36,Classical,135
1071,Song GFX30,26,Pop,140
1072,Song PUBKO,11,Indie,213
1073,Song UE5RA,33,Indie,297
1074,Song AP3JF,53,EDM,207
1075,Song NHTZQ,12,EDM,123
1076,Song AZVOR,29,Bollywood,133
1077,Song D6SV8,28,Classical,259
1078,Song FS2E2,20,Classical,222
1079,Song ZZ1JP,44,Pop,207
1080,Song 5CSPM,13,Indie,258
1081,Song AHY8O,33,EDM,240
1082,Song UNCQS,56,Rock,164
1083,Song 1JUM9,49,EDM,141
1084,Song OAUDW,54,EDM,262
1085,Song SAZQY,2,Indie,244
1086,Song 6NBQD,56,Pop,240
1087,Song KKI9U,53,Bollywood,272
1088,Song QF6OY,25,Romantic,137
1089,Song B37BQ,6,Rock,247
1090,Song 0BGNF,36,EDM,264
1091,Song F1WZW,31,Pop,140
1092,Song 9G6Q6,1,Bollywood,188
1093,Song QYX7X,42,Indie,202
1094,Song 590J1,39,Romantic,158
1095,Song XY1JX,25,Pop,192
1096,Song OE2HK,6,Romantic,143
1097,Song 6GQ2W,58,Hip-Hop,233
1098,Song P101Y,51,Bollywood,217
1099,Song EYN74,35,Romantic,207
1100,Song 13QVB,32,Romantic,253
1101,Song WOSJV,20,Pop,251
1102,Song H3MOK,4,Pop,292
1103,Song PJAWU,23,Hip-Hop,166
1104,Song NIFPV,17,Rock,149
1105,Song YCZNY,6,Rock,256
1106,Song OPST9,17,Romantic,272
1107,Song 3CMUE,15,Hip-Hop,133
1108,Song X0HJ7,53,Pop,130
1109,Song FXPFW,57,Bollywood,289
1110,Song EMLTF,60,Bollywood,260
1111,Song DV842,56,Bollywood,294
1112,Song VTQNK,17,Hip-Hop,236
1113,Song RTJR2,7,Classical,140
1114,Song PQRT3,17,Romantic,156
1115,Song 3GQ7P,40,Bollywood,270
1116,Song S7LKS,35,Bollywood,195
1117,Song IA77E,5,Hip-Hop,226
1118,Song 7Y8PZ,57,Romantic,289
1119,Song 9UJ6S,5,Pop,148
1120,Song 44T2R,10,Hip-Hop,228
1121,Song 2ME59,47,Indie,261
1122,Song OZZI6,52,Bollywood,127
1123,Song PWS58,43,Rock,216
1124,Song EEWKI,3,Hip-Hop,232
1125,Song G5X1R,44,Indie,282
1126,Song FK5MG,42,Rock,146
1127,Song WHZR4,9,Bollywood,258
1128,Song 26OL5,49,Romantic,279
1129,Song SSNML,56,EDM,140
1130,Song 7F4YG,34,Classical,139
1131,Song 6STPB,11,Romantic,277
1132,Song O7V1G,18,Classical,297
1133,Song TK5LB,54,Rock,291
1134,Song 4GWT6,15,Rock,162
1135,Song 07HPN,14,Indie,195
1136,Song 270TE,9,Romantic,167
1137,Song FQNBI,31,Pop,249
1138,Song RU3PC,59,Pop,224
1139,Song XIHWM,12,Romantic,242
1140,Song MPGX4,16,Bollywood,247
1141,Song ZBJHT,42,Bollywood,175
1142,Song 71HW3,4,Classical,260
1143,Song 337AZ,23,EDM,130
1144,Song 0FMKO,49,Hip-Hop,268
1145,Song Q6QBD,51,Indie,242
1146,Song T8MVW,36,EDM,222
1147,Song XIO25,56,Indie,275
1148,Song K8S7J,1,Indie,247
1149,Song IGG48,48,Classical,192
1150,Song VMQYB,35,Indie,161
1151,Song YJL4Y,16,EDM,160
1152,Song JRATL,27,Pop,141
1153,Song 7B4IS,9,Rock,181
1154,Song 8R5NT,47,Hip-Hop,211
1155,Song TB6T9,28,Pop,258
1156,Song AE3HK,44,Hip-Hop,203
1157,Song QEXRS,26,Bollywood,138
1158,Song 7NPWQ,21,EDM,210
1159,Song MMU9A,32,Romantic,202
1160,Song XYNUW,58,Bollywood,149
1161,Song S58KC,20,Hip-Hop,279
1162,Song 7YE46,23,Classical,135
1163,Song 61XS1,30,Rock,220
1164,Song L5VZD,42,Romantic,245
1165,Song ZLCH2,19,Classical,241
1166,Song NWJHS,41,Classical,196
1167,Song G0YI0,4,Rock,163
1168,Song 95K0G,48,Hip-Hop,231
1169,Song K42UD,15,Rock,261
1170,Song BZXMU,58,Pop,126
1171,Song 7R6D2,19,Hip-Hop,159
1172,Song KATV8,21,Rock,172
1173,Song K89JS,52,Romantic,241
1174,Song HVYPG,5,Bollywood,229
1175,Song OGI3E,35,Rock,158
1176,Song 1W5ZS,2,Hip-Hop,130
1177,Song K4UFS,6,Pop,262
1178,Song XZUYK,35,Romantic,160
1179,Song EUY5B,13,Classical,137
1180,Song HL80Z,43,Rock,233
1181,Song IP5OB,10,EDM,298
1182,Song 6D4HT,5,Rock,278
1183,Song 52RB3,8,Pop,148
1184,Song Z2A5I,16,EDM,271
1185,Song P8C6R,24,Indie,208
1186,Song 3RMZM,4,Bollywood,158
1187,Song CN0EA,15,Hip-Hop,289
1188,Song 8SCX4,32,Pop,200
1189,Song 51988,50,Indie,172
1190,Song P5AMV,4,Indie,272
1191,Song 4OYIZ,56,Hip-Hop,175
1192,Song QBDYS,45,Pop,126
1193,Song R6JBP,38,Hip-Hop,166
1194,Song K42O6,14,Bollywood,195
1195,Song 5TSG5,19,Classical,182
1196,Song M04RF,30,Romantic,258
1197,Song YYTMJ,54,Romantic,148
1198,Song WEUPA,14,Hip-Hop,199
1199,Song 52IRU,34,Hip-Hop,260
1200,Song ROUWF,46,Hip-Hop,256
