user_id,name,age,country
1,Qtgdc Tpacgp,53,United States
2,Sfpvausi Ecjjigbl,25,Canada
3,Cvqwpsb Fzwwjlve,40,United States
4,Rpese Jrvufai,35,India
5,Ffmxqdd Ttlpjzdm,21,India
6,Dukbjz Nrcxtt,39,India
7,Hlywgn Ewhqpd,28,India
8,Paywvhbw Ytvznd,48,United States
9,Gzytrskr Jdfipffbq,32,India
10,Xbgrfdy Ogmkcrjkw,21,India
11,Bucende Mlwobz,18,India
12,Yemfkb Jgulkyzos,27,United States
13,Hpotb Pbnwbbw,43,India
14,Ypbcro Ifsgkrhi,22,India
15,Lbfgy Wjevspz,51,India
16,Rycwgxt Epsfqgmx,21,India
17,Qbidzel Scyrda,41,United States
18,Lixuw Xrrjowz,27,United States
19,Wwatiy Ugucwwf,47,United Kingdom
20,Hfrkhb Uqkznycz,29,United Kingdom
21,Aiulzdxe Baynstrjb,39,United Kingdom
22,Rshik Koerjteo,43,India
23,Hlprml Fuytrhrqc,33,United Kingdom
24,Fdbzpt Lsjkdrx,24,Canada
25,Fbgwlurz Ppsnvoxtm,34,United States
26,Vtnqhch Hxcdjdfk,39,Canada
27,Kvkuya Wmyhkxvnt,32,Canada
28,Fmkrusvx Zxprcl,47,United States
29,Biliwhyk Vaozjquqt,33,United States
30,Vgmcym Geptcvzc,19,United Kingdom
31,Oksbrqcu Wuobnr,22,United Kingdom
32,Avcyqvsl Tqxumvpi,33,India
33,Hgmpjawe Fiwshayc,44,Canada
34,Orqmuc Fhpmnlt,39,United Kingdom
35,Shfsity Rfmsznh,24,United States
36,Heanhzo Sqtcahm,39,United States
37,Zymvkbq Bvycgok,32,Canada
38,Lhplobyc Tgcgoek,48,United Kingdom
39,Asslryu Qloqxvb,28,United Kingdom
40,Plmhkho Lxtpaf,54,India
41,Zotenlh Zqmcjirwi,49,United Kingdom
42,Rvoliizk Nrokej,49,Canada
43,Tgdhwm Asiakfv,25,Canada
44,Ymsnhv Zldeptd,22,United Kingdom
45,Uiugasvp Rlmitjy,30,United States
46,Owkimx Jmanpww,46,India
47,Nadwzbug Qqwwwjist,52,India
48,Qqxztl Clsxbu,36,United Kingdom
49,Jgkree Pqgxdlgga,47,United Kingdom
50,Rbyzhz Rvfkmgooz,36,India
51,Zhortbpm Xufufegt,26,India
52,Xilpt Cikfuwjn,35,United States
53,Gzhwumbt Fzujuanlr,34,Canada
54,Vcgawox Fqmsqd,20,India
55,Hdgnkjys Oxrvqyh,41,United States
56,Lwcroz Jhzyvcfqz,21,United Kingdom
57,Gufvop Vidxawd,26,United Kingdom
58,Uraau Gagdkcbl,41,India
59,Lybuwn Lbmkrm,46,India
60,Xpbhqoi Zlpcswqt,31,Canada
61,Lkvksi Ijdxbvcc,41,United States
62,Orkwykx Bpjpfrfc,53,United Kingdom
63,Couvzvp Qprsah,37,United Kingdom
64,Jwokdq Ajleiiy,23,India
65,Erhrm Lfnicrpn,37,India
66,Fahfd Gdmldnfo,40,India
67,Kllci Lskcaiuqv,41,India
68,Lgpnk Ifubqnfu,40,United States
69,Ggedtb Ymoprwqzi,38,United States
70,Llhhbnil Bbwwpnmo,20,Canada
71,Ximdbc Xzcqbszn,28,United Kingdom
72,Jkurbqi Ihsrxwipd,40,United Kingdom
73,Zdscoqid Sqljje,31,United Kingdom
74,Yezehuno Trwqpe,29,United States
75,Skrgl Hggzuxfro,46,Canada
76,Unkefpwb Mocvwhth,50,United States
77,Vyflj Akjkcf,38,India
78,Vudhvsd Spxafdypl,36,United States
79,Hgqqb Vpangdlpg,44,United States
80,Rnjyo Ukmqzg,19,United Kingdom
81,Ugrcptd Jveumsqv,22,Canada
82,Abfbyn Zgtejuwid,41,Canada
83,Xxkzmmyn Ucpvoicrh,45,United States
84,Rlsxplq Ubqjur,19,United States
85,Wabujjop Rjtonkqg,25,India
86,Tnxdusfp Sfdbeszvz,38,United Kingdom
87,Sxwsyqu Nzugmj,54,United Kingdom
88,Mpcizs Nvbzqlriw,53,United States
89,Tlxbdd Eyfynhcf,53,United Kingdom
90,Dpcqppe Qvovabqo,31,Canada
91,Qmqhy Mhbblmfpi,38,United Kingdom
92,Ztncgd Lchjpgw,28,United Kingdom
93,Yeezmwm Cnzfjbmwr,48,United Kingdom
94,Nlwst Jbojhklov,25,United States
95,Zjzojdpk Bdimlp,50,United States
96,Iezthiv Nmaickhx,19,Canada
97,Gspeqq Vvgosel,44,United States
98,Kkuxwt Bnozmjy,47,United Kingdom
99,Opegofz Hsrmmoys,36,India
100,Oxkiudby Crtfvhohc,55,United States
101,Gqbksc Uzzeqw,48,Canada
102,Qiqxcon Sxewex,43,Canada
103,Ewaoczh Zxdnhvitq,29,India
104,Totewxv Nkczmy,18,United Kingdom
105,Jtyhsaqs Bmeryx,37,India
106,Qjfymlz Jtuvtrpun,51,United Kingdom
107,Cbono Dwlrsmxl,21,Canada
108,Dlbmuskv Tbibzy,22,Canada
109,Aedqszjx Ljrroqjen,51,United States
110,Svtzms Lvgjhyscv,44,India
111,Gcaps Bkgfwb,50,United Kingdom
112,Gpuvgwz Nhbywxqlm,40,Canada
113,Uskheng Fuxozod,33,United Kingdom
114,Fxwcs Ejpbbupr,31,Canada
115,Fhxfett Tsskgih,47,United Kingdom
116,Inmczmv Xibwtaop,44,United Kingdom
117,Dfogoyi Tzqmeuesm,52,India
118,Nyrtk Vbdflbq,48,Canada
119,Aanhzavr Uccdenv,35,Canada
120,Clgshvcz Qcjoba,28,India
121,Mqizzxxf Xhyrhorew,19,United States
122,Pyhoowro Jurctic,32,India
123,Iziqulfo Jrrcqus,23,United Kingdom
124,Eticai Jccloncc,53,India
125,Pwakuso Zoejdhm,22,United States
126,Lhujysmq Lhyiqui,39,Canada
127,Vhpsme Khsmogjv,43,United Kingdom
128,Cporoy Mlhsvuk,49,United States
129,Qgeljl Pnywkazsv,23,India
130,Tepoqqz Iccftorfj,47,United States
131,Imhxc Vjiunjc,46,United Kingdom
132,Bvcwq Rytnoil,47,United States
133,Uerktw Lksftvbcw,29,United Kingdom
134,Icrmzikk Cvqvshpc,26,United Kingdom
135,Ddjdkpo Kqsqzomdi,46,India
136,Wmfjo Qrkvmcath,35,United States
137,Nuoumn Ouvjvbso,45,India
138,Thzljv Lugvpj,45,United States
139,Qvuonp Ehgwzrcz,44,India
140,Zsddig Vmpgklqwc,50,United Kingdom
141,Slmpwwc Zwukzvmi,36,United Kingdom
142,Oomirb Cayelzlzx,37,United States
143,Wcjcrqb Qlccfcp,51,Canada
144,Avzkdbj Scjhjv,26,United States
145,Bpejf Tqlfxddsj,45,United Kingdom
146,Uhcopp Uwrhnn,43,United Kingdom
147,Qmcmpn Zydwojrt,22,India
148,Pgbbu Nlkqndccx,27,United Kingdom
149,Kilyg Gdpbrread,18,United States
150,Mnusedu Guauhb,54,India
151,Mbweeux Rfnbwg,48,United Kingdom
152,Jeyaus Rikshcj,50,India
153,Eybmh Vcljhutg,41,Canada
154,Ztoudy Aqsaitjt,37,India
155,Fkyzdh Bxnsjzc,24,United States
156,Qbolzggi Uihbfupe,28,Canada
157,Mdjulmwc Uvsbvicg,40,Canada
158,Ngzaklt Gcudbuffk,23,United Kingdom
159,Xabxl Ddybylsm,42,Canada
160,Exhldp Qmwmcjkq,51,United States
161,Qzujo Mkeifxub,48,United Kingdom
162,Tzcrgv Xtyozk,29,United States
163,Gusxasy Ovvzoea,21,United States
164,Pnaxf Dxviapx,25,United Kingdom
165,Ysrpiiz Tuyqezsyu,32,United States
166,Jdsyykz Zeivpq,24,Canada
167,Dgzex Clggbgca,42,Canada
168,Twmjoc Mebvhiy,22,United Kingdom
169,Eebyzizx Syexecfes,52,United Kingdom
170,Rgbovdj Lvqmcfqz,48,India
171,Imxgqkjj Egmfgb,24,India
172,Rzpovvkn Woghkwaon,54,United States
173,Dezzvdlz Lvgxxbk,43,United Kingdom
174,Wxaspucd Oyochn,40,Canada
175,Gomekqrk Krbmgjiu,37,United Kingdom
176,Vzfht Uhkqefvt,51,United Kingdom
177,Vbskun Ofvvglx,30,United Kingdom
178,Jnqdajpe Wivgvcab,54,United States
179,Wrgkau Tmdeuf,37,United Kingdom
180,Lwlfhnqp Aophrmih,38,United Kingdom
181,Gengbwv Krsrzgkk,20,United States
182,Irqmyj Hvwecdg,53,United States
183,Yrffwkx Jmdbqpqm,30,India
184,Wnkwdziz Xdwecizib,46,United Kingdom
185,Foeuud Lkzjafjai,51,United States
186,Aqgsi Dnhbbylnn,45,United States
187,Ijeyxkfs Dpejqa,34,India
188,Prqar Kdgsfrakc,51,United Kingdom
189,Qkxnqh Uffgnfshb,49,United States
190,Riarxvrd Cscggz,36,United Kingdom
191,Mvwwj Rtctbwrej,46,United Kingdom
192,Wjick Lrmkxedsz,28,India
193,Kurejjar Vmmxlbr,18,United States
194,Znrqlsm Rdvxpaynm,49,United States
195,Biihnojv Culwldmqc,44,India
196,Ovuzq Xrlivvv,39,Canada
197,Ssctfiv Zojcxmvt,44,India
198,Geyklu Stbqrd,46,Canada
199,Rzatol Prevcrp,38,Canada
200,Khzzld Kvoitoff,36,United Kingdom
201,Xzqyns Itopys,52,United Kingdom
202,Wvnadrft Erdbufoj,46,India
203,Qtoguu Hykyzi,53,India
204,Afwwlfq Stopuzhe,22,United States
205,Zjlod Pamybypu,37,Canada
206,Ubsnynu Ecffijftn,53,India
207,Clxpqyr Ikohxv,41,Canada
208,Mxfnyey Nqfqfr,24,United States
209,Nqytdlic Boofgkql,19,Canada
210,Rqqtp Sjnhrp,36,Canada
211,Jmndk Uydrxusj,18,United States
212,Dokoc Ffxwdeqg,25,United States
213,Rwyzl Orgfpyjr,33,India
214,Hxilq Hojilag,32,Canada
215,Hdtwmjh Oqchvxf,22,India
216,Xvptf Aozmujfu,36,United States
217,Mknrw Utdeoow,27,Canada
218,Yfmbj Bnukxwb,38,India
219,Svgoeqj Qnjxnj,40,Canada
220,Undec Qdepvrk,39,India
221,Mmpqkgdp Dxdexn,43,India
222,Wyfpmmf Kuvergs,39,Canada
223,Pfkcf Wvpexpwnt,23,Canada
224,Rxuqn Jslymt,40,India
225,Lmgwhwk Epdarr,38,Canada
226,Jlpgno Ptkumjogh,40,Canada
227,Ttlse Fuuprbkqu,27,Canada
228,Ycgjpsyk Rspyvqlf,51,United Kingdom
229,Fprjrz Cujkpntb,23,United Kingdom
230,Sjvfzlk Akcbhyu,34,United Kingdom
231,Soutyllp Agjufs,38,Canada
232,Ysghk Tbymjxgy,30,Canada
233,Ttwffg Qudcyma,52,India
234,Wqmzxwm Zktdnlya,40,Canada
235,Wldnia Rpipgogmp,41,United States
236,Mktjkl Ovsuowf,27,Canada
237,Ukdxqn Ihookrbvm,24,Canada
238,Tjoygad Woqnzhi,50,Canada
239,Uxjhqdev Iwbefihgq,35,Canada
240,Utnlewd Gyscecbw,53,India
241,Anzcqcyk Fldneajx,48,Canada
242,Zodyopl Tnqijoulj,34,United States
243,Hntdh Nymalhgaj,44,Canada
244,Ksqvfc Qhtvkweh,47,Canada
245,Heabnecg Sgdmii,49,United Kingdom
246,Mivyb Uoexgj,18,India
247,Zkzgzf Tnzmri,38,United States
248,Qtodm Hxwfcqie,35,India
249,Kabump Jgmriz,21,India
250,Jsudgz Uulfrjdx,49,Canada
251,Oeejthvx Onlvol,50,Canada
252,Tqjqi Bertehkic,22,India
253,Veacea Qrnsgjpby,31,Canada
254,Ymqjt Xubqntvc,31,India
255,Cnengq Ettorslcu,53,Canada
256,Nnpyxo Zkqvigoj,53,United Kingdom
257,Jlkszpnz Hzfiuyvx,50,United States
258,Cjdjpgvc Ktsuevr,54,India
259,Pavjuxi Wkwwfqpau,42,India
260,Hiois Dztocludi,48,India
261,Ocnuddo Moznggl,54,India
262,Cljipahz Qqlygresc,21,United States
263,Ywvasc Litfot,53,Canada
264,Qsrjxn Ghuqbr,18,India
265,Krxjchw Knsxmpcfz,53,India
266,Bikejjq Gvqwxvao,35,United States
267,Drcjypqf Glipldq,55,United States
268,Wrxxlxu Rioydiw,19,United Kingdom
269,Wyhtvqtd Eetpgog,32,United States
270,Rcudvmq Emdfatahk,30,United States
271,Bwmilgkb Tskyonqsb,24,Canada
272,Lwgnz Bnqbhkhvl,45,United Kingdom
273,Prxmq Cepxok,38,Canada
274,Apsflgrx Ucsqcs,50,United States
275,Jbeiwwed Tkitlq,25,United States
276,Yqglw Opmfrl,46,India
277,Pgoqo Vebjda,54,United Kingdom
278,Ibker Pztjati,42,India
279,Thdsh Nspcsqz,48,United Kingdom
280,Lgoqypm Smepszaaq,25,United States
281,Ukioqafh Uhotciko,19,United States
282,Fxmmade Lmvybnor,53,India
283,Fuxjzha Zokpwts,38,India
284,Hmgly Fejafcnu,50,United States
285,Etnudwvy Rfakwdi,20,India
286,Ictta Tifhild,27,United States
287,Hyoco Odshgbpi,46,India
288,Dxbjcksx Qqivsrnzt,47,United States
289,Cciqtmyd Xxksruwl,19,India
290,Mmvhjon Kiqunk,44,United States
291,Qzjivp Uoisertsv,25,Canada
292,Iveyb Ciqbfdptv,27,United States
293,Lkpfrio Xxysxzpp,50,Canada
294,Wbxzaoz Cwgskijj,52,United States
295,Rdovjkhw Dbasml,26,India
296,Dwxsyqll Vjeppwgnk,52,United Kingdom
297,Aoscm Rsnwthn,51,India
298,Gropp Xmnmtk,36,United Kingdom
299,Esobmeb Zhcnwh,26,United Kingdom
300,Hacepdl Vugenazz,27,Canada
301,Tuglqfti Qbmmmy,52,United States
302,Jmdwaylr Zcnjvp,35,United Kingdom
303,Hgplr Gnrziaa,22,India
304,Krjsg Abpxfp,25,India
305,Cjtque Cgmyqxh,45,United Kingdom
306,Ghbkz Gebzfkqc,52,Canada
307,Fxscb Ouamqaak,27,United Kingdom
308,Xnyml Voayvm,54,United Kingdom
309,Ikqycny Cthfozrhk,24,United Kingdom
310,Mtdfspmb Omzvzaii,20,Canada
311,Dywntgbt Mmxbsd,29,India
312,Xlepv Cpqbfivtk,25,United States
313,Itpidd Kolybcwp,28,India
314,Waecq Xsumddhlg,29,India
315,Ppcvhkoe Zqwznm,31,United Kingdom
316,Burzm Ebjfgq,47,India
317,Cyeum Dspifri,25,United Kingdom
318,Ftwjfm Mdylkdsqz,30,United Kingdom
319,Dhcmk Txpuqpe,53,United States
320,Cwfmmalw Gpxpdoazb,48,India
321,Lmuvlgoa Tdhqcmh,47,India
322,Zuwkujmq Wkrnht,52,United States
323,Uqiyn Xxcjqjeo,22,United States
324,Dgcmypy Fixnkbj,46,Canada
325,Nmnvx Luyvybxl,23,Canada
326,Xycecdd Fhzodj,46,India
327,Hauvn Irumrnol,54,United States
328,Xegmzub Jyqeneesx,27,United States
329,Gzolj Frzdlz,52,United Kingdom
330,Dkmdl Izonqh,36,United States
331,Uicmbrda Qlcbqpf,35,United States
332,Aryzkmpn Bkslkaii,46,India
333,Ftklesxs Kdhzni,55,Canada
334,Cqhemoxf Vobvvhom,19,India
335,Eyvmqxk Matmzpj,48,Canada
336,Wzvjtagp Dwdehkxjh,51,India
337,Ntpeii Vhsjnjdd,36,United Kingdom
338,Uixcefex Pkxdda,40,United Kingdom
339,Rvxpti Stddsr,37,United States
340,Fltca Mbcunbdgb,18,India
341,Upfrad Tyjensgo,24,India
342,Nzetas Yjplyejjf,32,Canada
343,Cdcdtso Bmkltrvf,44,United Kingdom
344,Zebvmrez Mknrdk,55,India
345,Tbzipz Dshsphuqk,48,Canada
346,Zdldmgy Avmaep,38,United States
347,Htrnm Mrmgiwoy,20,Canada
348,Wjijl Axelikto,49,Canada
349,Mnkmzq Jiabvjta,39,Canada
350,Czkbggi Cwcena,45,Canada
351,Gpzjkovc Rmvrehzf,22,United States
352,Hhouq Yphonl,40,India
353,Qnhrikg Nwqnemr,47,United Kingdom
354,Yysbfmgt Tkwxqvghe,33,Canada
355,Gegvmo Lfhauh,53,United States
356,Qzmaw Cwxkjrcy,26,United States
357,Cnvyy Ggduip,42,United States
358,Ydezlg Pnscomghu,27,United Kingdom
359,Mvazpvr Ygkqsxr,52,United States
360,Wayyxhyt Hxqwtka,23,Canada
361,Myikxceg Bpvtlabqq,26,India
362,Kicenzv Tuimtgrvu,30,India
363,Kkjvoa Axzfsek,45,United Kingdom
364,Deoanuy Vdsewuhmd,31,United States
365,Zseeuaz Gxjrladis,31,Canada
366,Sbobymj Panjzr,26,India
367,Pemimcs Ldbdwvty,36,United Kingdom
368,Pnletmy Obdfagslz,49,India
369,Llcsdjfh Vorfzate,22,United States
370,Txarr Kvdcvr,47,United Kingdom
371,Pibql Yfbqibb,42,India
372,Kgukaf Khtrdmlui,26,United Kingdom
373,Rnmxmok Tpllbimf,27,Canada
374,Nhlxm Drhgloo,20,India
375,Ncroggcn Ceekcwhpl,46,United Kingdom
376,Ifczgr Lademr,49,United Kingdom
377,Qrzrucd Eseamd,33,Canada
378,Vcudkd Xzmwpfovb,18,India
379,Qzwtpohm Mgbaoogqx,25,Canada
380,Qllesml Nxwsmwsk,44,United Kingdom
381,Uqhtrd Fckzhfbaw,40,United States
382,Euicf Ogijbwgdr,50,India
383,Suztzupw Cnedfj,36,Canada
384,Ttcqidwl Kgvinc,41,Canada
385,Jdtkfu Kxynrylus,51,India
386,Ckulkax Dzzuwz,44,Canada
387,Xsiivxp Dlfouqsxu,43,United States
388,Waist Dfniiqax,52,United Kingdom
389,Gszcbjq Jtyloa,39,United States
390,Ujhusr Scnfuld,45,Canada
391,Cldfc Rpnkgmlly,49,Canada
392,Vnmlzn Nlaeoxd,44,India
393,Dbdjzhm Uukyhhe,49,India
394,Dbbmili Jtnlllw,38,India
395,Ukxibrlh Csousod,53,India
396,Fyntn Azhfvvp,23,United Kingdom
397,Kmyie Ajczohet,27,United Kingdom
398,Ybyesh Ckijvdf,55,United States
399,Myhiobaq Xgzrgo,26,United Kingdom
400,Ocqfzjzu Nyobvyqqe,21,Canada
401,Hvjjqpn Bhkddo,35,Canada
402,Fwyqzsh Rilparqa,48,India
403,Xkxstn Uoxvld,42,United Kingdom
404,Kdjfa Trsevqvf,49,United Kingdom
405,Axsffvkw Oeftrpept,26,United Kingdom
406,Ywshwa Zrwalrqw,38,Canada
407,Vhrmjtwf Hnikiwuzf,45,India
408,Xeiqcm Vvgmyvvn,33,India
409,Utqpcbai Wububp,45,India
410,Cohjc Twuqlml,24,United Kingdom
411,Qlifc Ppvxdn,40,Canada
412,Medbdpnq Jdiijap,27,India
413,Gkffx Uemrmswo,39,United Kingdom
414,Kcwxmx Qmfmtvu,42,United States
415,Kjbac Hqxjzfh,32,United Kingdom
416,Swgfegc Vjucyhg,41,United States
417,Ywbdyuej Jzgbqenui,21,United Kingdom
418,Wfcmrbnt Qmmijssm,35,Canada
419,Qfxlg Fxoyjodcl,40,United States
420,Pnilljmh Agqjcvnqu,32,India
421,Daffihv Repdwsog,37,United Kingdom
422,Vyvtarzy Wftmnut,47,United Kingdom
423,Uvlyklw Apdyavv,39,United States
424,Ktrhpoad Zouxokjy,22,Canada
425,Eizqh Earmebz,36,United States
426,Gljai Xecnmbywd,31,United Kingdom
427,Leoifslf Zbkunxwlo,23,United Kingdom
428,Qjvukvwk Elxeokygw,35,United Kingdom
429,Rssfm Zzbcti,46,United States
430,Gmbst Jwkacxitm,22,India
431,Oslmhe Vedter,18,United Kingdom
432,Desxnlb Qkibau,30,United States
433,Jfaaav Rfwuve,28,India
434,Kviqq Yydfjekik,47,United States
435,Bqjbfhp Zsuxog,24,United Kingdom
436,Zrzsiqwi Wbaxlntns,18,United States
437,Aittq Bmfjqgsz,46,United Kingdom
438,Dqtnzqh Aifbxzus,32,Canada
439,Nlawbf Qydeouf,50,India
440,Lisgeghl Qwmyjjmk,45,United States
441,Vajwtxpd Sjhhomis,30,United States
442,Xansm Yzjmqpkbx,42,United States
443,Fyutjsqj Bytgavqrs,27,United Kingdom
444,Pgpyva Ukpxnekvg,37,Canada
445,Ptywcouv Gykizva,22,Canada
446,Ntejsfe Yofftvezw,46,India
447,Wccdba Grcbtapzc,51,India
448,Jymiljx Zyrjbji,24,India
449,Lsxdpwhs Vlrwnraq,38,India
450,Qztrg Mjyymr,24,Canada
451,Hswwus Auhroweld,52,United States
452,Gtrcls Extfgmxd,26,Canada
453,Cwytpqj Sruzlgghc,39,United States
454,Todij Tbnwzijr,26,United States
455,Cnldy Vrdhtwvai,50,India
456,Hqfhzbvd Ssbwemk,28,India
457,Okmjkbs Hsociuw,21,United Kingdom
458,Lplmxf Utasorz,27,Canada
459,Yrebjmyd Npzqkagm,29,Canada
460,Uuwqh Qaddqxfp,54,Canada
461,Huemq Lcbxuev,19,Canada
462,Obvovqtf Repeou,25,India
463,Dqcgtc Djokyahy,51,United Kingdom
464,Rdmixzpn Rgehvy,53,United States
465,Pdqbgjx Kyrydf,35,United States
466,Skdzla Phnrki,23,United Kingdom
467,Xduhczf Yeshvm,51,United Kingdom
468,Sopxeyk Imdanedjt,21,United Kingdom
469,Srkllj Mhlywvhw,37,Canada
470,Uqbgc Otomwz,45,United States
471,Mkqxt Sgtyvwnp,46,United States
472,Rejdjb Mjcxgot,25,United Kingdom
473,Hgaqkxy Yyxwba,47,United Kingdom
474,Haxej Cfnxkxaug,48,Canada
475,Jlevclv Etawschd,44,United Kingdom
476,Xryyzd Musitwnyv,42,United States
477,Cudia Rriztl,36,United Kingdom
478,Mgdngtwz Gfsvsnezp,27,United States
479,Dazylqcb Kszflblb,25,United Kingdom
480,Jsgxear Imxceyjh,24,India
481,Ritjun Jfjxdtdp,30,United States
482,Sbois Znddksx,53,United Kingdom
483,Xqdlmnyu Esdboust,43,Canada
484,Retju Kfaopayn,50,United Kingdom
485,Hhgdfn Hyhdwbz,31,India
486,Aqziywg Dibvvfze,19,India
487,Sygqpfli Fegsjxcee,29,United States
488,Oqaeek Pdllqk,51,United States
489,Spjav Tdugyp,18,India
490,Owcdtxv Hebrqdvch,50,Canada
491,Daldrf Wrsxmzfyh,22,United Kingdom
492,Dxpen Pdrhvjcxr,34,India
493,Uuddlu Zclsdi,26,United States
494,Tilskui Ujoomnf,23,Canada
495,Nsgaza Oxbjwwv,36,Canada
496,Dgvbdzsj Ajsrbvwaj,23,United States
497,Cdettshk Ihewat,50,United States
498,Arwovxns Lhcjytk,21,United States
499,Kvmiq Vbjlhcj,39,India
500,Gobpti Ogcobz,48,India
501,Byajh Kikjdri,50,India
502,Naumwa Ecqygfrds,50,United Kingdom
503,Lijwlx Ugzpyozca,37,India
504,Miyehjce Uzztlyyz,49,India
505,Jkwxdjv Ycklwzbz,21,United States
506,Secjo Wkmcmqx,47,India
507,Cxxtf Iipftclo,48,United States
508,Qozubvu Zbwyrhq,23,United States
509,Bcwlkfxe Bitejkmre,45,United Kingdom
510,Xvoxfspd Raxymiur,34,India
511,Zqqpat Epffery,41,United Kingdom
512,Anwsqlk Jntcelepo,42,United Kingdom
513,Vqsyxccv Cqkmty,24,Canada
514,Nrwfu Ofmdzx,44,Canada
515,Aungrhx Xaxaauv,51,United Kingdom
516,Igzfqvup Dzexnlcun,54,Canada
517,Vveicaa Uasxcjt,26,Canada
518,Qeqffvs Uurhyqqpc,47,India
519,Cgecvxf Ckmqfk,38,Canada
520,Vhxrqw Dzmpoety,30,India
521,Nfjxad Cgmyjoh,49,Canada
522,Nxgfvszc Uefsllph,38,India
523,Pfjxvlxy Ghvqzjaei,29,United Kingdom
524,Grjudi Afoigbhf,31,India
525,Ooqrl Vfumzkd,28,United Kingdom
526,Pohqwz Xdzannia,48,India
527,Vshtkoip Kmqxvycfv,26,India
528,Zfcsvvna Rgucyb,39,Canada
529,Hypdid Pqrngmmhu,48,United States
530,Csjvgqw Szbafv,30,Canada
531,Cvtniy Swcdxkl,50,United States
532,Ublryp Cwtgxearl,34,India
533,Yjfkl Ihcqtkhkp,51,Canada
534,Nrqyf Bognhw,43,Canada
535,Ktwgfu Jshaexqt,33,United States
536,Ieilz Riegcrwpz,55,India
537,Mmbarh Ftucuim,40,United Kingdom
538,Rjajsxu Wcrsazwrd,49,India
539,Gjtfyqzw Rzwexjipy,35,United Kingdom
540,Evduouj Cmrmdz,53,United States
541,Hbhlfvd Mlragj,36,United States
542,Ydtlxha Yvqkzcg,37,United Kingdom
543,Eriprfdo Hhyleu,45,India
544,Dsnrjjmy Lyktph,33,United Kingdom
545,Dbvdrmt Nchzcp,36,Canada
546,Rdpns Sozdxqe,37,India
547,Ucapdc Fankyhmeg,52,United Kingdom
548,Vwqlqevr Emhrymr,43,Canada
549,Smvdh Dahqxqbxz,47,Canada
550,Hjwnjs Kedrol,26,United Kingdom
551,Uybvmzp Ediyjqkb,28,United States
552,Cmrig Ucwsjzx,21,United Kingdom
553,Cljqa Esjzof,34,Canada
554,Lftlnuc Afvxjk,52,India
555,Iefvnjxw Uljbcuhdf,52,United Kingdom
556,Axgsbwz Bwynkbs,25,Canada
557,Yqakfxb Fyrwgbyx,20,United Kingdom
558,Zppcoyhb Aqlhwza,21,India
559,Unwrto Bslldlxzj,30,United Kingdom
560,Lgcak Tzasvb,26,Canada
561,Eipxz Dmdbgomtj,32,Canada
562,Suhqngs Njkymc,26,United States
563,Hdsuag Lyavhphzb,42,Canada
564,Akbfelbh Oyxtivgt,31,India
565,Iwuytuoy Ywymoone,42,Canada
566,Tdauyc Gikqjruv,18,India
567,Hvwlaaa Jkpcxoy,46,United States
568,Ggmfewr Genlio,32,India
569,Yzavwob Gclngi,41,Canada
570,Bwdiuikq Mqebyxap,38,United Kingdom
571,Yvasjzcc Yozqtod,51,India
572,Pifoxiuz Gtdgtwjj,50,India
573,Xplkovdn Urrpuidkn,27,Canada
574,Qxwadg Otdalrzdw,42,Canada
575,Jsghivip Cbxyxq,45,United Kingdom
576,Ttspvn Dpjqjl,50,United Kingdom
577,Ygmbn Nhjtybywt,45,United Kingdom
578,Ochdhlx Hztyrdfv,28,India
579,Pyoua Vjhyll,26,Canada
580,Hsxdx Mwztdj,23,United States
581,Seiltrb Rlyuiv,20,India
582,Gwffmmem Dywtab,53,United States
583,Skgjp Qnywvwrmq,40,Canada
584,Hcwthz Idmicssum,49,Canada
585,Rhnxu Bgiklkxg,32,United Kingdom
586,Qikoe Fypipa,19,Canada
587,Cxtornj Fvkshej,44,United States
588,Oyaayc Kbhaqratv,42,Canada
589,Dwbnsta Tcpkvwu,45,India
590,Hfgrmhcz Ohsnjzsyt,24,Canada
591,Fkgjo Qdqcofyp,23,United States
592,Knvtbmkt Viokar,53,Canada
593,Oyglmot Tlcdan,25,United States
594,Fbleu Mkhlhxrnp,41,United States
595,Duyjpm Fyswdnva,44,United States
596,Dzasf Cibmejofq,30,United Kingdom
597,Hphqkgor Ccfeodn,42,United Kingdom
598,Oztqxfa Gcudewi,21,United States
599,Nlmhtgku Sinnwvyy,35,United States
600,Vmurolja Juilqwxej,18,United States
601,Laicjg Xahmbsgq,54,India
602,Wzqmmwtu Apssew,23,Canada
603,Vbqbc Ortirxx,28,United Kingdom
604,Nkrbftdg Ehfnet,18,United Kingdom
605,Hdmvcyc Xsepztu,31,United Kingdom
606,Lirywt Tbsedife,30,United States
607,Zsgmpjq Lavknfs,40,United Kingdom
608,Fcugmac Rmmiorx,38,India
609,Qemix Ehmeavlo,45,Canada
610,Mgjirh Ztxnkuy,43,India
611,Exxzyf Zdiyzit,40,Canada
612,Kadwhcgf Ceouaec,53,Canada
613,Srvstcdt Dxvslkbm,55,India
614,Ftjivp Tqdefl,39,Canada
615,Rdirmgye Kmcrcw,18,United States
616,Iraqrkbl Tpuljm,39,United Kingdom
617,Cznjrd Ifvslbhd,49,Canada
618,Jgihvoe Jlhact,52,Canada
619,Gnddm Xzrgvvtn,47,India
620,Bapsvcn Sytkaygq,23,Canada
621,Zozqou Sjmtlt,29,United Kingdom
622,Npxrh Kurhmu,38,India
623,Fsfps Ppqikyaij,46,United States
624,Mfsrgawz Qctnhtlm,27,United States
625,Qktthtzj Npwcfzoee,43,Canada
626,Jkpijc Xnnfkthy,28,United States
627,Knime Xpkkeafpn,23,Canada
628,Ypeqrya Powwejwey,30,United Kingdom
629,Dxflg Puzncpi,28,United States
630,Maarw Zbkgsduqn,19,Canada
631,Mhkvt Jlddgvtce,44,United Kingdom
632,Dufcqb Xttirilgh,20,United States
633,Dawoshs Omlhtsdh,42,United Kingdom
634,Qwpda Jmxzqpnnj,49,United States
635,Wexayiif Hqjlxx,51,United States
636,Trkcibo Nzbogg,29,United States
637,Fezghttx Xnbfppm,52,India
638,Ifdcf Ophalxs,46,United States
639,Pzgkhqim Hgnirnqc,29,Canada
640,Ametrcwi Rfcghht,48,India
641,Roeetu Winmpks,32,United Kingdom
642,Mjhsvii Oaybkqdlh,30,United States
643,Rhjiuio Fqlhbes,55,Canada
644,Yukys Gbbinlhmw,22,United Kingdom
645,Zvwpooli Oovrduws,38,United Kingdom
646,Xtfifjfz Gdqluu,51,India
647,Xalanuu Mqtozunu,23,Canada
648,Pttlhl Wqbqins,45,India
649,Kavaflg Fnqfvyxs,54,United States
650,Efeapv Uyiiffhl,35,United States
651,Yuawyd Ylttjl,43,United States
652,Fpdznpne Ftjzkfcnm,50,India
653,Yaukw Jvlwhzcq,42,Canada
654,Asxbwea Nstbuwr,41,Canada
655,Veyztvew Cafkjvq,19,India
656,Iawxbjpn Ejfkbz,47,Canada
657,Wdpqimxd Ryrcmvod,50,United States
658,Ufcckx Cgshsmp,51,United Kingdom
659,Tijdtw Tquzaqvgk,18,Canada
660,Mewzkzl Gdhtyixgu,49,Canada
661,Rtgulao Cvdsdjloy,50,United States
662,Kdruft Nonbnos,51,United States
663,Jrqwf Yoylfbz,43,United Kingdom
664,Kxmdyago Ibkdvt,33,Canada
665,Ukfvbzhx Dfdhiqn,51,India
666,Uglvopdw Twybvgql,28,Canada
667,Tnctyw Gvzkqwhsh,34,United Kingdom
668,Kzccugm Pcusovjn,42,India
669,Podtj Rvsbqllwa,43,Canada
670,Rfeqi Huswgvizg,46,India
671,Iteowqt Tvwiqtv,32,United Kingdom
672,Vxckq Qfwmiljee,19,India
673,Exsotnk Scsxrwd,39,United Kingdom
674,Kcyvxhoc Zvgezafsf,32,Canada
675,Qdhzwm Lkwpqxz,34,United Kingdom
676,Uljygoc Swzgndzu,50,Canada
677,Nupss Qmobqml,28,India
678,Oxmsb Joyssmsy,43,United States
679,Rnriowy Dwzbtpub,22,Canada
680,Sgptee Qsicksruj,48,United States
681,Wcjswm Efjqclcgw,21,India
682,Rezna Kuojbe,49,United States
683,Ncrejel Vnvlqyx,25,United Kingdom
684,Yjenx Mzxyyok,46,India
685,Rijgv Ebbzmvrtp,51,India
686,Rxosntq Hlfyllc,19,Canada
687,Cphzuusn Bhpxoq,21,India
688,Bkjnvrl Nnrbfle,32,United Kingdom
689,Bmopbj Xyagvv,29,Canada
690,Vxkepqg Xfwthrkk,35,United States
691,Vgasbtdr Bcxmei,34,Canada
692,Hhocdvw Yfnamcakc,22,United States
693,Lldpbyt Esbadwg,29,United Kingdom
694,Mkdhb Eisalvp,36,United States
695,Dbrknqe Yaxraabk,54,India
696,Wobqx Yhqltrpiz,47,Canada
697,Xlwfht Zzwjaudls,52,United States
698,Zvjykk Tymirdngs,54,United States
699,Yxotkqf Dolxyw,44,India
700,Foejnel Soezruqou,27,Canada
701,Iwdyiy Prucaw,21,United Kingdom
702,Wyjtyhb Qpvmshco,27,United States
703,Keomzrxz Rxcbwmm,19,United Kingdom
704,Ylamri Ixbdhk,27,India
705,Zzisyc Paxkewehn,19,Canada
706,Ibghll Briawyaoh,30,Canada
707,Jshjj Nkiysomgx,23,United Kingdom
708,Wadtg Eeuuwa,18,United Kingdom
709,Weqwl Wpbdxy,29,India
710,Saugb Cqfvsmsm,55,India
711,Lczgw Ossbeiz,28,Canada
712,Qpnhlvt Nhebmxbt,45,India
713,Ratcpxjr Rosijv,41,Canada
714,Hizepbjm Mmxldtkad,38,Canada
715,Zkaure Pfamhfm,28,United Kingdom
716,Vfmslye Zjcysp,27,United States
717,Nukaieqr Lpnijr,26,United Kingdom
718,Oblkfigw Iuopifdiq,32,United States
719,Vmmanc Tcmpxygl,30,United Kingdom
720,Swbgqiv Muymiwf,30,India
721,Htfuh Uswhfhaqk,41,Canada
722,Uljeli Yhsledydw,53,Canada
723,Jvjalie Pqitbn,26,Canada
724,Bdces Cziktmon,43,United States
725,Ovlcx Gbraqsm,20,United States
726,Tydikq Kmrsobpf,55,Canada
727,Apjxe Fxthon,28,United States
728,Tiigdha Pfckcyftt,37,United States
729,Xjbqowg Navwfyki,43,United States
730,Xohzwgqw Wwyyhj,54,United States
731,Cfelwbk Axhgyx,31,India
732,Xwyec Swpohsmtd,22,Canada
733,Ralme Arywss,30,United Kingdom
734,Azervzb Oosusthcj,48,United States
735,Jsoiqkp Jtdrxrky,23,United Kingdom
736,Xyqlorx Ipoveud,31,Canada
737,Cwzonogo Yrumivj,43,Canada
738,Ftrzfqe Ssxzumx,37,United States
739,Tvocvaa Dvrbldy,43,India
740,Sijhqxq Pzmjgmutu,45,United Kingdom
741,Yzjztcgc Gltgza,37,Canada
742,Fcrpranb Eskyqbps,49,United States
743,Xwbplrz Bmauuxube,39,Canada
744,Fvydedzp Ajsansqcm,35,Canada
745,Obcwrmng Ydeorlz,41,United Kingdom
746,Mpdbfh Tabucrpaw,26,United Kingdom
747,Xuemmckq Oddnwb,50,India
748,Oqkqyv Kbikfsjlv,32,United States
749,Mqtephul Aosuub,35,Canada
750,Hhniiyn Kmcminq,34,United Kingdom
751,Ypfyige Zvnkglr,26,United Kingdom
752,Esofmnd Sqfuveqm,33,Canada
753,Myligbd Jaeyylzph,54,Canada
754,Fzqmc Ldejubwh,53,United Kingdom
755,Dyrfx Oczshg,32,United Kingdom
756,Yvdoifu Voaeopz,49,India
757,Cfleefcg Ilgwkldxw,42,India
758,Ofrlwia Nvpjspsju,31,United States
759,Ihsxjwyr Olukij,49,Canada
760,Scgfjzme Wvzjtcx,23,India
761,Glhwhxf Igcbru,29,United Kingdom
762,Oxgvfsbc Vnuojen,29,United States
763,Uwtnanb Dmwgpj,35,Canada
764,Gssepb Zalurko,43,Canada
765,Zupvkgy Edabzvdxj,37,United Kingdom
766,Afalqdwu Tkdxxgks,41,United States
767,Mygdqcjj Xchvobzwb,39,United States
768,Iactob Nakulqhb,51,India
769,Wlnrotnz Distqdtfq,35,Canada
770,Fhyfo Klozfze,20,United Kingdom
771,Sfxer Cvisjmypo,39,United Kingdom
772,Nuugvlh Ymskyhwc,27,United States
773,Vwgxys Ntkicemyb,38,India
774,Lemaydgw Mpkwhpeei,42,India
775,Cuaom Czaedzj,40,India
776,Bibpzpv Exvmghv,22,United Kingdom
777,Dpgqscpr Arsvjnhs,43,Canada
778,Uuwrfl Scpdcl,27,India
779,Hrpsldq Yyfmaeeb,20,United Kingdom
780,Kmzuwlvt Sytweweg,23,Canada
781,Wdwgpyx Saajipicu,50,United States
782,Frwthkn Plyulso,52,Canada
783,Bapzbvk Myvfgxw,32,United Kingdom
784,Knbyl Kbbunxyaw,37,India
785,Mnouwy Keraligm,24,United States
786,Yehgels Jioobzww,18,United States
787,Bzcldtu Mmpujc,29,Canada
788,Usxqztz Eevnmyqa,42,Canada
789,Cfequtbz Folijxaeo,19,United Kingdom
790,Qtaimdcn Tmootdv,38,United States
791,Ihwbhzdg Jhwzzjm,37,Canada
792,Aiswypw Jztido,55,India
793,Gittxcs Yxrckyiw,23,United Kingdom
794,Gdcya Xmjogp,53,United States
795,Cexscv Meywnza,51,United Kingdom
796,Omglpk Vikpxhgw,25,Canada
797,Gacptrov Pdbzttr,26,United States
798,Hoqsv Aildqd,41,United Kingdom
799,Zrrlfqfj Wmylgle,21,Canada
800,Nkwdhl Apjqlr,35,Canada
801,Zefxagm Fcsnrhr,37,Canada
802,Aghvt Rqzayir,53,Canada
803,Omets Lpqryojj,30,United States
804,Ijtnmlo Rodkbm,52,India
805,Csffjaap Dqxxcypc,34,United States
806,Borsavv Fxcnfoasy,46,United States
807,Azorf Vttffdl,46,United States
808,Qdxfq Wvlrveje,20,United States
809,Rctfdcfv Gxeznoyl,46,United Kingdom
810,Iyuvfh Uywcsxfsy,25,Canada
811,Kbewug Bgoing,39,United States
812,Vlwfu Fnqbso,38,Canada
813,Eziaaar Acetqc,30,Canada
814,Ylxqb Qsziru,50,United Kingdom
815,Teodroh Ndvhqb,42,Canada
816,Bmbbrxjq Cnkogdhf,38,United Kingdom
817,Rieosob Mfkwoquaq,51,United States
818,Dgbdk Vxxtgt,29,Canada
819,Mnjtnb Grdkrsn,37,Canada
820,Hgksj Sfiucwvhz,42,United States
821,Jtwbkfr Ihyxacj,44,United Kingdom
822,Wutjo Nvhsdps,39,India
823,Hzhff Zfnpwdsu,24,India
824,Cnsuopfp Qmdqzbk,20,India
825,Ytikmnko Waevza,24,United Kingdom
826,Uovna Rmsghzds,44,India
827,Wkpixb Pwqoch,32,Canada
828,Nvptkes Yblikcy,36,United States
829,Nybjaugy Lnctlw,20,United States
830,Wnfkw Ckrbyf,29,United States
831,Gjvneom Wtqdfngtb,33,United Kingdom
832,Xuzui Gkfqpdc,41,Canada
833,Rpbjo Sheazzpe,54,Canada
834,Twrvqttr Tcndupqod,54,India
835,Houwyxc Vhdzkoy,44,India
836,Zeqlkxqe Fnfrpjg,51,United States
837,Rvzvx Yzxola,27,Canada
838,Podrcoo Iyfovc,27,United States
839,Uoztgeg Opuwhxw,28,Canada
840,Tawlk Xzdzkf,23,United States
841,Vvvayjb Qhpwil,29,United States
842,Wqqbjqhx Lkbyxstk,26,United States
843,Itmqm Jzoybu,19,Canada
844,Ybffgyy Ifxkmym,31,United States
845,Rpact Gdmoidfb,52,United Kingdom
846,Hsepb Wnzchzgf,34,India
847,Kyxtm Nbvqwxp,29,India
848,Qnzeotm Tglvwowwe,38,Canada
849,Aoltms Okydmbwmx,51,United States
850,Wjaoc Vfjrckw,41,India
851,Uyrkdbqy Biklpbp,35,United States
852,Luwydxw Urozprn,36,United States
853,Hvpobcj Qztarcygo,46,Canada
854,Maqhuz Bmnjdqxns,27,United States
855,Imtunr Arujswr,41,Canada
856,Jroadho Uwgenlkd,36,United States
857,Qrtwuv Foxockg,38,United States
858,Nsyeykz Ewfnujf,50,India
859,Ojaqnyyo Atuhgahq,50,India
860,Yxpef Vpgavfhi,47,India
861,Iffeqfk Sglwby,35,United States
862,Shucu Eqydpmbtd,48,India
863,Hgnotk Xoxukywp,44,Canada
864,Ohemiit Rtkjwuvh,50,United States
865,Hzvli Dwbujf,32,India
866,Yqvzdi Iaiafqo,29,India
867,Hwnjpzm Mkxushk,18,United States
868,Jxhybf Vtebfd,18,United Kingdom
869,Qjacg Gfointk,23,Canada
870,Exmitj Qdeoadcvw,47,Canada
871,Xskoel Delflsfop,29,India
872,Ieyxfk Eturpq,33,United States
873,Gijzuw Ooikmqtw,32,United States
874,Vgaiwpy Melvwl,29,United States
875,Lbgxmn Mfsvdy,51,United States
876,Dvtcu Koewgo,47,Canada
877,Jsswrj Gyuxuvbaz,33,Canada
878,Qcbvefs Xadpus,55,United Kingdom
879,Rhmqt Fxozcrm,25,United States
880,Ktdewy Ymrbptcck,26,United States
881,Blsry Tfqsaol,39,United States
882,Nlwvuc Tecaoknx,18,United Kingdom
883,Zpjavf Wsvbtruf,54,United Kingdom
884,Dvufldey Oktdwgbt,27,India
885,Dykjegmb Plsclp,44,United States
886,Dnyciye Wfshgd,41,Canada
887,Yjxiblrz Jvygvdvma,20,India
888,Tbaxu Olhyml,20,India
889,Nldaszs Mnkcbsi,21,United Kingdom
890,Jmfkcfa Lnnjllga,25,India
891,Ipevyx Vldjbgdwa,21,United Kingdom
892,Kczqabdl Mdgarpoyb,54,United Kingdom
893,Ogzbubp Nqpmxunm,32,India
894,Frvjohkj Cmymogv,38,Canada
895,Epxzlas Xwwydfb,47,United States
896,Cberauqc Ygrtop,55,Canada
897,Xclav Nynvwzyx,37,United States
898,Elwjn Yzjyobaok,38,Canada
899,Rvjcpc Qynmvh,28,Canada
900,Omtpzy Mgpfdx,23,Canada
901,Cbxqehxr Osjuluur,43,United States
902,Hxysh Posylgndl,27,United Kingdom
903,Ceypgq Hazyugk,50,United States
904,Pdgmztlo Lcbzcx,33,United Kingdom
905,Rzwscf Sizbgo,24,Canada
906,Ixjyt Mdciafha,54,Canada
907,Kmtxy Bspoobo,18,Canada
908,Mcchnz Uqxqyoqn,33,Canada
909,Sinorwip Zcpsrb,48,United Kingdom
910,Gxbcmksf Pfiksdngj,21,Canada
911,Marou Hehjjwut,53,Canada
912,Lbugauil Jixouiifu,19,Canada
913,Dgkjdqu Ibkipfbs,45,United States
914,Wehzu Lsmktpkce,24,India
915,Jnnkbtz Apzmmofcp,40,Canada
916,Yyhds Uqldcef,34,United States
917,Tilsswnl Jjgnido,32,United Kingdom
918,Wuzgayg Qqidfwcy,27,Canada
919,Hrqvclut Gqreeevo,28,India
920,Xsrbwpk Ggsfkz,32,United Kingdom
921,Sgxifh Anskmh,22,Canada
922,Ihgrjg Bvwrmql,53,India
923,Agpdlnr Wuolpnexr,21,United Kingdom
924,Zmsvcvr Gacsptj,34,United States
925,Gvqpeg Odcqoa,28,United States
926,Zsofd Bafxar,42,Canada
927,Lbavp Wsdovejcb,33,United Kingdom
928,Yqcnbm Kfiwpvu,20,India
929,Fltxa Vyyplbar,45,Canada
930,Zkcaqxhc Czalikv,55,United Kingdom
931,Ubpjofkf Onoqepuno,53,India
932,Mubauljv Oapdydwtj,51,United States
933,Jzoayxj Dujnzd,49,Canada
934,Hrdhp Uouqdc,55,Canada
935,Ygepmnbb Ssjxcorj,20,United Kingdom
936,Lapdwm Aybqfs,39,Canada
937,Hlfdw Mnxpxxh,21,India
938,Meglcz Babuyqtb,25,United Kingdom
939,Zvxcvc Etbjyw,46,India
940,Vfabli Agszcnuoi,36,United States
941,Vunkof Wdgytkty,50,United States
942,Zuvcxs Bidurkrb,36,United States
943,Zlnwgwd Nwzltlpfs,34,United Kingdom
944,Yozifx Ukdbillh,21,Canada
945,Jjjkfev Pxibqiaz,24,United States
946,Czmnk Pduslk,29,United States
947,Qsjgvysc Exrexu,54,United Kingdom
948,Wawts Bcfsewzr,55,United Kingdom
949,Lahymts Vpbjtrqxr,22,India
950,Ahrfhsfx Djywlnst,22,India
951,Oyzip Xitxribk,20,India
952,Kopqklxv Bsmbsgmgr,31,United States
953,Ohszwak Liaejam,42,United Kingdom
954,Gecnebey Sfficau,54,India
955,Qvbgqyok Gdxckf,26,India
956,Hyyltzo Zioeetuik,32,United States
957,Kuxdjn Czxsdxcuv,32,India
958,Eseqprbx Nnxsro,45,India
959,Ufjocpit Rerjnstux,48,United States
960,Bpexmeni Wrzdsm,18,India
961,Epnqvf Rbchzrt,51,India
962,Bpssrtt Dzhsdwd,46,Canada
963,Jscjfx Tkxkka,21,United Kingdom
964,Syllkp Pdbaepk,22,Canada
965,Hwetn Dgvtvb,42,Canada
966,Eufdm Nkxzkzky,20,Canada
967,Gycnkjhh Thazkfhu,32,Canada
968,Iqjlded Wczgur,39,United Kingdom
969,Gcnnxb Ttydgi,23,Canada
970,Gouxsz Hzejbnfgf,20,United States
971,Cwnkjsj Mxogilpxu,35,United Kingdom
972,Yzlozhk Szbfhcijn,18,United Kingdom
973,Ynvekdu Jkvewglzd,41,India
974,Gdvbrgof Uyvhiis,21,Canada
975,Orlcxx Amnjey,23,United Kingdom
976,Scyhejzh Xxnlgrxmc,30,United States
977,Wrkit Dmdlrkfah,21,India
978,Yvvybyj Qaxmrs,22,United Kingdom
979,Erydahzr Dtnqczx,30,India
980,Fjeuesp Euiszjxrf,33,United States
981,Efqxpehw Rufflnz,48,Canada
982,Colnk Mtuvfb,18,Canada
983,Dcqyzfzr Qszmuqx,34,United Kingdom
984,Uflgdzzz Zyxnqth,27,United Kingdom
985,Osrrwe Ybexzijbk,48,United States
986,Bnhrm Carfohd,53,United Kingdom
987,Dfkkb Ufvmjbsub,38,United Kingdom
988,Oyrjls Bihorojz,55,United Kingdom
989,Ljemadgl Ebwmdr,27,United Kingdom
990,Botlyk Nkonfemmc,29,United States
991,Lraysznm Ogqfqoxs,30,India
992,Pieyruqe Depjaj,42,United Kingdom
993,Zuhabdzm Hmhlliykf,40,Canada
994,Rgiag Imatzoq,47,Canada
995,Cdsffsp Sjcnmrl,33,India
996,Wxqooik Xrgztwyhf,34,India
997,Upkyptg Shlfwwgn,53,United States
998,Dpnds Szrnunw,35,India
999,Gzztl Bcmbixn,30,United Kingdom
1000,Qjmpwdgb Hwjbsfbax,40,India
1001,Dfwik Jepqvzolu,54,United States
1002,Ysoeskf Bbfxekyt,20,United States
1003,Fhgfchrs Kuoaoxyis,27,United Kingdom
1004,Jducr Mbgzhvbf,41,India
1005,Ekiliwx Edzqgdd,43,India
1006,Fffgm Brllya,45,United States
1007,Utixbhj Bxtogmg,31,United Kingdom
1008,Sbolyu Vcsyrd,21,United Kingdom
1009,Bxgwmucx Qigcupwyb,41,United States
1010,Nerqiwbe Pkthgnty,49,United States
1011,Qoyucczd Lgjrkx,21,India
1012,Lwmsu Yjpqgjp,25,Canada
1013,Cdmkgf Lawdcer,34,Canada
1014,Wxtaof Zhwvhvmp,39,India
1015,Huajr Tbtiulgs,29,Canada
1016,Lewtkg Lmuejdkxj,23,United States
1017,Vajsep Dyytfdit,55,Canada
1018,Gmsekv Sbjignq,53,United Kingdom
1019,Csfnwb Osevcwc,29,India
1020,Jnxcjdl Kzhatciob,37,United Kingdom
1021,Tbkon Yqmvnuyqh,43,United Kingdom
1022,Upsfr Csldbeh,22,India
1023,Hnuctyx Ocwlvk,35,India
1024,Qcobwk Asbjfei,52,Canada
1025,Eaqie Goajryv,28,India
1026,Bnlvtywe Ownxrwf,48,Canada
1027,Xnqwz Xelgozcze,50,United States
1028,Fsdrwt Flpwniy,19,Canada
1029,Ymcbtsve Qwvgbd,46,Canada
1030,Djppn Gjmtasts,42,United Kingdom
1031,Sntpjvdl Iifhlqt,37,United States
1032,Plqdq Kblqmoop,37,Canada
1033,Grwhhyf Pcmhlyik,55,India
1034,Zungiue Qwievzedl,43,Canada
1035,Haohv Juawoe,20,United Kingdom
1036,Mqtgwz Ozgdyuxbf,40,Canada
1037,Tcxujfxy Kotelo,36,Canada
1038,Lnmsa Dewuaqfjr,21,United States
1039,Hhzdpbm Royvjhbdu,25,United Kingdom
1040,Xwdytewd Afqrlam,48,Canada
1041,Hrippic Vnimcdi,40,United States
1042,Cagde Cyugud,47,Canada
1043,Enogjir Oerevdw,24,Canada
1044,Dmplbxn Qiclhmtq,40,United States
1045,Hculjhu Ogwpagn,19,United States
1046,Fkwbfv Nlamnex,22,United Kingdom
1047,Uofhoeri Dkvfifvu,21,India
1048,Njreh Jtljev,55,India
1049,Zfkpox Qgxbppaab,53,United Kingdom
1050,Mngys Eoknxe,36,Canada
1051,Hqyvplj Evxisjny,25,India
1052,Elptp Xvhoqx,46,India
1053,Mtnxgic Gltezzc,29,United States
1054,Qnilnu Pvcyiavtq,54,United States
1055,Vmbiolkf Vcvinttm,18,United Kingdom
1056,Fatdgpay Nhqidsbbn,52,India
1057,Wbiwh Skxyunf,43,United States
1058,Xfjsk Ggqsqozz,45,India
1059,Jlgqwvg Mjudjgy,20,United States
1060,Vmeaep Zkigecugv,44,India
1061,Aqsyi Xnvxkgzz,20,United States
1062,Rdzad Kdwwgghdt,32,United Kingdom
1063,Uoobm Goenwy,50,Canada
1064,Ttjwgvi Tdmlxazuy,25,India
1065,Tutahfn Nnfmqj,50,United States
1066,Tktlvc Sqcyfv,44,India
1067,Ekjuzy Bwgcaql,26,India
1068,Gbbrrvh Ohzgobq,37,India
1069,Ydhyas Otzwofe,23,Canada
1070,Veavsr Ecvbfj,45,India
1071,Rbaolq Buaiuku,26,India
1072,Okoaim Icgiuz,19,Canada
1073,Fctaleco Jtmbkd,25,India
1074,Uixutuz Cozbvlh,44,India
1075,Zvthux Eckdexh,23,United States
1076,Yphvu Mjarkqi,32,United States
1077,Mqpho Zhirpjj,26,India
1078,Ciypv Eokthpnkm,45,Canada
1079,Djbanign Fzcahw,26,India
1080,Lbosn Vkzqvuz,35,United Kingdom
1081,Nlyndon Iesabetmy,27,India
1082,Jaffban Gtzlppan,54,India
1083,Dkapw Cvdmytp,52,Canada
1084,Tkoth Zywomg,33,India
1085,Brgdcvy Cnccpq,34,United Kingdom
1086,Ndaqurb Fhkljop,36,United Kingdom
1087,Wlscogqa Drddfl,36,India
1088,Ddnnbgid Fqfiyfza,36,India
1089,Ezods Cryquz,40,India
1090,Hcamebla Cnlaste,26,Canada
1091,Bdrgn Jtliyuszg,42,India
1092,Zrxzkfq Jccgjs,31,United Kingdom
1093,Mgjycz Nyttdly,43,Canada
1094,Zwskjskd Dyqlzw,46,United Kingdom
1095,Umvrpqj Auhozz,26,United States
1096,Ivhhktj Ddiqvp,40,United States
1097,Jakruq Ccsmfo,51,United States
1098,Mwlhi Pnwusnhu,52,India
1099,Zgujccbc Virhuewd,43,India
1100,Iaymcswk Zezfpop,21,India
